algoritmo,unidade,ev_treino,n_nucleo,n_adicao,auroc_0,auroc_25,auroc_50,auroc_75,auroc_100,ganho_total,parcela_25
XGBoost,022,39,2299,6900,0.5,0.5,0.5,0.6965260297376363,0.7339074359326396,0.23390743593263963,0.0
XGBoost,076,150,5243,15731,0.7201028238747056,0.7700593738483622,0.7734804979127965,0.7704067973372014,0.7963783201333849,0.07627549625867935,0.6549488685623869
XGBoost,079,212,11026,33079,0.5,0.7385639671604227,0.7386711717363967,0.7330963206445147,0.7406496197254322,0.2406496197254322,0.991333239722593
XGBoost,151,148,6751,20253,0.7741657665082327,0.7748959502506829,0.7806493163231687,0.7879270169590766,0.7808003777453303,0.006634611237097632,0.1100567488216067
XGBoost,215,242,10421,31264,0.7234346143978583,0.725496295960254,0.7325418972203512,0.7416573465288139,0.749939549230294,0.026504934832435767,0.07778481914517717
XGBoost,385,770,14331,42994,0.764041708376351,0.7714375304635215,0.7782516213776175,0.7833964494885757,0.7865457521431574,0.02250404376680637,0.32864413897378664
XGBoost,515,217,4857,14571,0.7339492779926348,0.7890257066630588,0.7989020055668484,0.7988679655429575,0.8048168747772602,0.0708675967846254,0.7771736473272478
XGBoost,516,227,7370,22112,0.7406165074139882,0.7534295971618812,0.7589626954801989,0.7607427842622141,0.757082128440276,0.01646562102628779,0.7781722734561022
XGBoost,529,198,5368,16106,0.6778349516618332,0.7007726616198049,0.7043307724499317,0.7121737356927331,0.7138108582976042,0.03597590663577099,0.6375853203700688
XGBoost,551,361,13017,39051,0.7830261638322765,0.7787597762769066,0.7723918090795752,0.7722495699045893,0.7753572822806603,-0.007668881551616269,0.556324612220765
XGBoost,564,200,6071,18215,0.754710678496007,0.7688332278647961,0.7619634811355642,0.7639357140639131,0.7665485854097364,0.011837906913729324,1.1929937844341467
XGBoost,566,146,3958,11875,0.665479725614586,0.7069649854076527,0.7113815907594709,0.715384702268004,0.7255221443416076,0.06004241872702154,0.6909325219171535
XGBoost,732,123,4984,14955,0.5856726335131024,0.5666948134473843,0.5845299103595062,0.587329656631865,0.6009190172391126,0.015246383726010171,-1.2447423865727694
XGBoost,733,103,5692,17077,0.6622118442629898,0.6819890233827076,0.6678561734281255,0.6336795177392853,0.6488217049969749,-0.013390139266014955,-1.4769957747873121
XGBoost,774,65,2882,8649,0.5,0.5,0.5,0.5,0.5,0.0,
LightGBM,022,39,2299,6900,0.6958985098979157,0.6837975225734876,0.6902705251966226,0.6679714098879259,0.682449250880337,-0.013449259017578652,0.8997512285704133
LightGBM,076,150,5243,15731,0.7511157160913073,0.7854889046917546,0.7989233512317282,0.7950108931383832,0.8001992834044462,0.0490835673131389,0.7002993156784284
LightGBM,079,212,11026,33079,0.7394016340740563,0.7532808283765791,0.745407806513054,0.749642075749914,0.7601211099101362,0.020719475836079804,0.6698622307015226
LightGBM,151,148,6751,20253,0.7788955216620794,0.7742423985176524,0.7803632999670528,0.784846593730125,0.7832816487904531,0.004386127128373718,-1.0608728402617653
LightGBM,215,242,10421,31264,0.744843496336467,0.7510594621334787,0.7588362206434984,0.7601808582339558,0.7631327254184245,0.018289229081957514,0.3398703012115412
LightGBM,385,770,14331,42994,0.7631354337758641,0.7740522751812686,0.7782643151707567,0.7852716317739765,0.7864331217567544,0.02329768798089027,0.468580462334243
LightGBM,515,217,4857,14571,0.7144517689675427,0.7739776237114082,0.7886606297270363,0.792133227765605,0.7990723191186759,0.08462055015113323,0.7034444309042152
LightGBM,516,227,7370,22112,0.7360251199003087,0.7506962113819714,0.758017820107726,0.7547521540179924,0.7455555840581938,0.009530464157885055,1.539388978187858
LightGBM,529,198,5368,16106,0.6307390683443221,0.6801611190810781,0.6888164761745027,0.6979037177318107,0.7089833108346862,0.0782442424903641,0.6316381776313111
LightGBM,551,361,13017,39051,0.7701599034188009,0.7799728483531918,0.7697743184803606,0.7744969419698549,0.7822555516658922,0.012095648247091306,0.8112789603277898
LightGBM,564,200,6071,18215,0.7511592770928239,0.757822272249459,0.757329342332028,0.7588132463399069,0.7628372856141636,0.011678008521339711,0.5705591963269657
LightGBM,566,146,3958,11875,0.6043469000503428,0.6845181180976789,0.6881274797308954,0.6879230724547883,0.7056226449524091,0.10127574490206637,0.7916132152359061
LightGBM,732,123,4984,14955,0.6027395221010963,0.5940753285560612,0.6242857246124396,0.6214850973413264,0.6421882292241292,0.039448707123032944,-0.2196318758435646
LightGBM,733,103,5692,17077,0.6635658707608758,0.7080414503232133,0.7007789096813156,0.6912402065121492,0.6948890217293715,0.031323150968495694,1.419894812213187
LightGBM,774,65,2882,8649,0.632873138537082,0.6284759044981347,0.6367833429860668,0.6531875936173905,0.6356016672442723,0.002728528707190203,-1.6115769745649924
CatBoost,022,39,2299,6900,0.7242918132596528,0.7259211660563447,0.7281768700463459,0.6997887173854591,0.713034372228252,-0.011257441031400806,-0.14473562794130101
CatBoost,076,150,5243,15731,0.7330370178201658,0.7832128207738251,0.791955819051847,0.7921825296963494,0.7928802395689305,0.05984322174876466,0.8384542390499736
CatBoost,079,212,11026,33079,0.751275131100441,0.757183537294557,0.7611386516305108,0.7606009345510816,0.7711474087840772,0.019872277683636197,0.29731902342434074
CatBoost,151,148,6751,20253,0.7800515637059791,0.7805662141860075,0.7782932261892416,0.7726615994706426,0.7745142815450848,-0.005537282160894219,-0.09294279487200632
CatBoost,215,242,10421,31264,0.7486111176143604,0.753920978939367,0.7554759518577756,0.7567948421026779,0.7537497091207026,0.005138591506342216,1.0333301097106196
CatBoost,385,770,14331,42994,0.774019818201678,0.7806857788255422,0.7828377116425003,0.7850197098166192,0.786769507274941,0.012749689073263015,0.5228331911123423
CatBoost,515,217,4857,14571,0.579716167454231,0.7229568457880704,0.7517053526055621,0.7564797727392722,0.7714510619744988,0.1917348945202677,0.747076731610259
CatBoost,516,227,7370,22112,0.6851266241756915,0.7335307816996632,0.7517719061137564,0.7528464641844417,0.7469925561872894,0.06186593201159796,0.7824040784659555
CatBoost,529,198,5368,16106,0.6613327232373301,0.6730739231181333,0.6955771432200367,0.7029212145687018,0.6907182089231425,0.02938548568581245,0.399557795516444
CatBoost,551,361,13017,39051,0.7706746127111698,0.7749487679663418,0.7729116297598967,0.7694895928979005,0.7730386612620648,0.0023640485508950038,1.8079811658495346
CatBoost,564,200,6071,18215,0.7508954254981826,0.7526107908153249,0.7604067493949139,0.762227167754219,0.7607558019213251,0.009860376423142525,0.17396550025375662
CatBoost,566,146,3958,11875,0.6946042786616111,0.7211103649671011,0.7169594230654138,0.7032495256166983,0.7044743850619427,0.00987010640033159,2.6854914456240837
CatBoost,732,123,4984,14955,0.5632178050300058,0.5659650979919102,0.6025205600260595,0.5876016819395706,0.621325930233031,0.05810812520302511,0.047278981249274966
CatBoost,733,103,5692,17077,0.7122633871918629,0.7317148869944741,0.735042313197257,0.7326749381376724,0.7489726469137412,0.03670925972187833,0.5298799253916389
CatBoost,774,65,2882,8649,0.6698739164051857,0.649975366536009,0.6870048396136491,0.7080146129331822,0.6971305374887425,0.027256621083556865,-0.7300446305569747
Floresta,022,39,2299,6900,0.6997364312793493,0.713215945254023,0.7350192947850842,0.7283684414914144,0.7229695114867555,0.02323308020740622,0.5801862626194844
Floresta,076,150,5243,15731,0.7373656088800167,0.7584744987931071,0.7747235951550865,0.78099116720343,0.7834516074153455,0.0460859985353288,0.4580326039135013
Floresta,079,212,11026,33079,0.7567410069045518,0.7639199261390202,0.7611780936892794,0.763284962004897,0.7667750185618689,0.010034011657317099,0.7154585304107414
Floresta,151,148,6751,20253,0.793042639518439,0.7903254841353385,0.7937766089739295,0.7989650319422406,0.7978099535343877,0.004767314015948654,-0.5699551936395314
Floresta,215,242,10421,31264,0.7488812687249407,0.7491281848301388,0.7550599304116006,0.7533848841977933,0.7555282416631387,0.006646972938198048,0.037147150664502526
Floresta,385,770,14331,42994,0.7672533487882242,0.7715415251680526,0.776779613369527,0.7795805750306223,0.7829289940959465,0.015675645307722363,0.2735566093547661
Floresta,515,217,4857,14571,0.7511146174317921,0.7829384718060743,0.7897945512862818,0.7886131634350126,0.7947552789363921,0.0436406615046,0.7292248393376857
Floresta,516,227,7370,22112,0.7120954587624908,0.7463350235742221,0.7508815646408704,0.7590800944885706,0.7576759046989234,0.04558044593643262,0.7511897724625699
Floresta,529,198,5368,16106,0.6636397980169708,0.6957302507201467,0.6932243519494032,0.697849696553229,0.7031649408657392,0.0395251428487684,0.8118997273700134
Floresta,551,361,13017,39051,0.7753637333237231,0.7776069829309885,0.7693647749889404,0.771967908855064,0.7782993891368183,0.0029356558130951838,0.7641391736929324
Floresta,564,200,6071,18215,0.7515083112885699,0.7508500204405247,0.7592277210103554,0.7593150849606167,0.7607069323679476,0.009198621079377745,-0.07156407926411412
Floresta,566,146,3958,11875,0.7274811977576955,0.7348625373903228,0.7254708188260641,0.7390386653195002,0.7444956428319128,0.017014445074217344,0.4338278210326448
Floresta,732,123,4984,14955,0.597457708671332,0.6020101454912969,0.626506677292867,0.6277998931054845,0.6430576394564553,0.045599930785123366,0.0998342923241931
Floresta,733,103,5692,17077,0.696771243782462,0.7127087764175386,0.7122071249300559,0.7015407000085736,0.7019130843278871,0.005141840545425103,3.099577377843198
Floresta,774,65,2882,8649,0.6752029557819094,0.6742360265725822,0.6937831623991064,0.7066668147207009,0.6943994957591285,0.01919653997721915,-0.05036997346785633
