algoritmo,unidade,braco,versao,oe,slope,intercepto,ici,ici90,brier,auroc
XGBoost,022,local,raw,1.061125159162636,0.9558886229827952,0.42550306464073273,0.0010470639763493347,0.0020881962687808167,0.004864995833486319,0.7254548761381967
XGBoost,022,local,platt,0.663662951116631,0.8557443312580811,0.07210617209312531,0.0028783398887460157,0.006495976491633319,0.0048873331397771835,0.7254548761381967
XGBoost,022,agrupado,raw,0.9449243607037627,0.8334892893680353,0.3790972724044046,0.0016097674159780667,0.002387342022661323,0.0048808567225933075,0.7197939962045827
XGBoost,022,agrupado,platt,0.6419418573312445,0.7815347208917057,0.060235787876816715,0.0031344336170957576,0.0043472883980445074,0.004967518616467714,0.7197940827709837
XGBoost,022,continuacao,raw,0.8794089746169547,0.8086252086078479,0.5120094313704691,0.0016549329066114656,0.002803089265915668,0.004865104332566261,0.7397096355156318
XGBoost,022,continuacao,platt,0.6613870904920842,0.882958465953248,0.09452181006309601,0.0028269472688703216,0.0063500725168618224,0.004880364052951336,0.7397095922324315
XGBoost,022,externa_platt,raw,0.7267941994941476,0.9224500467167536,-0.012505720607070003,0.0021912555481230418,0.0035429801647681785,0.0048816269263625145,0.6912995832866595
XGBoost,022,externa_platt,platt,0.7379689202327939,1.0214369603398643,-0.022346209040907894,0.002081455896394895,0.0033448427551943053,0.004875509534031153,0.6912995832866596
XGBoost,076,local,raw,0.5717699838754097,0.7045445659356266,0.5379045941846172,0.005225223978417568,0.009198746935202543,0.005973470397293568,0.7782228774285125
XGBoost,076,local,platt,1.2372659550302476,1.1361710616316014,0.6279738881604473,0.0013811591166832278,0.004401848345121223,0.005697294604033232,0.7782228656470519
XGBoost,076,agrupado,raw,0.6894423762042929,1.0401920523405652,0.1373733022229473,0.0028085052572637296,0.0030116964060413276,0.005724760703742504,0.7951727468428043
XGBoost,076,agrupado,platt,1.1967333145592791,1.1858849797491333,0.5341495015637676,0.001734563326997696,0.005707019869381587,0.005699836183339357,0.7951727350613437
XGBoost,076,continuacao,raw,0.5171985988683948,0.8116384914891784,0.09792551779911918,0.005605763090674499,0.006252082350078097,0.006028846837580204,0.7943947698798007
XGBoost,076,continuacao,platt,1.150419202303762,1.0874096929590884,0.5553720929639141,0.0017772090997096935,0.0061406823259842445,0.005695680622011423,0.7943947580983404
XGBoost,076,externa_platt,raw,1.106672970956052,0.9482484013035678,0.4205778577344219,0.0011947710783491194,0.0030169095033660202,0.005725444760173559,0.7446268882146753
XGBoost,076,externa_platt,platt,1.1136152068642824,1.0760813139654322,0.4032991864697735,0.001203164137366189,0.003023480860877222,0.0057264771312475204,0.7446268882146752
XGBoost,079,local,raw,0.9584573639947637,0.9752516775592887,0.3846912265089495,0.0012182266963481798,0.001755768982687931,0.005149912554770708,0.7594799264240829
XGBoost,079,local,platt,0.9972595415682972,0.9688797292905756,0.3995222926405413,0.0011829540952295705,0.001710791298161001,0.005149609409272671,0.759479926424083
XGBoost,079,agrupado,raw,1.0070268276363223,0.9671065421845566,0.42136429550919363,0.0010969921297148484,0.0016981324317580876,0.005160817410796881,0.7649273135923598
XGBoost,079,agrupado,platt,1.0108493093008837,1.079960438602181,0.3951430201796038,0.0011228095396158084,0.0017339481362708127,0.005160161294043064,0.7649273135923598
XGBoost,079,continuacao,raw,0.9517364288891385,0.7779650605196706,0.7215742945936663,0.0015992571369838956,0.0017408985993789755,0.005195369478315115,0.7560736343724104
XGBoost,079,continuacao,platt,1.0303804901388642,1.1244956999945062,0.38513087036881277,0.0011026684347852445,0.0019817799372205537,0.005154917016625404,0.7560736343724104
XGBoost,079,externa_platt,raw,1.1330273528972148,1.203168279529472,0.273528564002846,0.0014053007894043472,0.0027473969709290065,0.0051910048350691795,0.7112636245342482
XGBoost,079,externa_platt,platt,1.1338472751408197,1.2468935638415972,0.2635874629286272,0.001439716066258039,0.002770170182750921,0.005191171541810036,0.7112636245342482
XGBoost,151,local,raw,0.9824453394885178,0.8682918672303385,0.6485905822807645,0.0020296708217205123,0.003144930167810243,0.006079915910959244,0.7967620681648606
XGBoost,151,local,platt,1.1027185556396302,0.8821767615977911,0.7487282928520536,0.002118410472992457,0.004221868168987935,0.006062631960958242,0.7967620681648606
XGBoost,151,agrupado,raw,0.9251458356861009,0.8850415189796513,0.5871701416069364,0.0018428658286468427,0.002607792101277878,0.006037762854248285,0.7960120151648782
XGBoost,151,agrupado,platt,1.1183282865677548,0.8805545771821252,0.7917080101066922,0.0020133855588594764,0.004252912866991172,0.006018218584358692,0.7960120151648781
XGBoost,151,continuacao,raw,0.938209292299617,1.0753541801513542,0.27062274780810824,0.002550767994699665,0.005535781375345454,0.006050431169569492,0.7938373639322959
XGBoost,151,continuacao,platt,1.0314330985063853,0.7933146501517666,0.7292633232170438,0.003045238713829155,0.0058271414370522035,0.00614571338519454,0.793837363932296
XGBoost,151,externa_platt,raw,1.0125273341871917,0.7702305928619249,0.6075959381157254,0.003214665432106822,0.0072220613031015474,0.006166460923850536,0.783050536745278
XGBoost,151,externa_platt,platt,1.0362385383157364,0.7951544470739234,0.5828061279350614,0.0030808049728171267,0.007275307470802275,0.006140939425677061,0.7830504908578473
XGBoost,215,local,raw,0.8891382102599087,0.7339269978484214,0.6153137595368312,0.0019597468906753313,0.0041879094689217565,0.005900265648961067,0.7478688011567676
XGBoost,215,local,platt,0.8756366245221481,0.988763447849707,0.2762801558686183,0.001073598591816555,0.0020211597571646754,0.005875953007489443,0.7478687956351407
XGBoost,215,agrupado,raw,1.0421939666504818,0.956426382506922,0.4758188636017726,0.0009584940362092701,0.0014691174574528645,0.005862023215740919,0.7619409927160467
XGBoost,215,agrupado,platt,0.8646560617334489,0.8906191329840157,0.3872887999726222,0.0013003511452133584,0.001955441142683433,0.005877682939171791,0.7619409927160467
XGBoost,215,continuacao,raw,0.8870077666906319,0.8323981062617314,0.46694301673897964,0.0015198050264889195,0.00270533335480042,0.005900291260331869,0.7565847386830505
XGBoost,215,continuacao,platt,0.8557981618821192,0.8728606966241647,0.3743030936432765,0.0014657537124643282,0.0029455686780324873,0.00589379295706749,0.7565847386830505
XGBoost,215,externa_platt,raw,0.8997475793207548,0.7575012704960594,0.261220207901089,0.001539052610256376,0.002478295937361124,0.0059285578317940235,0.6903247427717047
XGBoost,215,externa_platt,platt,0.9116846475275217,0.7851453858229541,0.24626802513131363,0.001377717809123919,0.0022488457573976296,0.005918836686760187,0.6903247427717047
XGBoost,385,local,raw,0.7916399781218914,0.9735552090010086,0.31498509371715144,0.003048522507989739,0.004754430495310522,0.009775531478226185,0.7873046901450896
XGBoost,385,local,platt,0.9864889016597624,1.005210190200586,0.5096796127601202,0.001601618036782768,0.002105822048865366,0.009743311442434788,0.7873046901450895
XGBoost,385,agrupado,raw,0.9129473246751912,0.976984847698872,0.3760102363868292,0.0018489833255805222,0.002460277199313272,0.009795542806386948,0.7872028840255823
XGBoost,385,agrupado,platt,0.9793609332825041,0.9966819217104058,0.46057349169688777,0.001853768414562023,0.002845174413903252,0.00979182031005621,0.7872028840255823
XGBoost,385,continuacao,raw,0.8076394672852096,0.9501973572496402,0.34268027270274715,0.0027665306094346886,0.004652998396020017,0.009793240576982498,0.7833417849631151
XGBoost,385,continuacao,platt,0.9852277735118208,0.9601268238805973,0.503214177732044,0.0015050190644782138,0.0025188476093437346,0.009755383245646954,0.7833417796894162
XGBoost,385,externa_platt,raw,0.9929717781261614,0.9580670726372811,0.27188044512706355,0.0023606894316461928,0.0038279990209941434,0.00986284390091896,0.7431665625216618
XGBoost,385,externa_platt,platt,1.0039535679809821,1.048711773444647,0.25665169680553035,0.002428294916195249,0.004201081397308821,0.009856831282377243,0.7431665651585111
XGBoost,515,local,raw,0.8188024969752965,1.362325317220006,0.07134313907894096,0.003234263220540048,0.004101795818247097,0.008113094605505466,0.7968357730230593
XGBoost,515,local,platt,0.955072057855775,1.0246369180543746,0.4611494096783062,0.0018442298672390204,0.002635999437402059,0.008108201436698437,0.7968357936471272
XGBoost,515,agrupado,raw,0.9875514436042102,1.30573259515836,0.2795822176006695,0.0027857501844460566,0.0030589052797807136,0.008033950813114643,0.8065032532404535
XGBoost,515,agrupado,platt,1.0645334630646859,0.9862789982436568,0.6305267366436382,0.002364986385455182,0.0032503026074373904,0.008022712543606758,0.8065032532404535
XGBoost,515,continuacao,raw,0.9203130715884092,1.3911927234176409,0.1696626695660015,0.0028531848711064885,0.00371894662156311,0.008090890012681484,0.7920957332103589
XGBoost,515,continuacao,platt,0.956545076416802,1.0100762347777208,0.4746081384685894,0.0017765674558623138,0.001954404799101868,0.00807181652635336,0.7920957332103589
XGBoost,515,externa_platt,raw,0.951229460012976,1.0314811769788326,0.3435003313091656,0.0017080264913425034,0.0019440362364034221,0.008114835247397423,0.7622743005141167
XGBoost,515,externa_platt,platt,0.9519399147483162,1.0251471404588153,0.34985657062801323,0.001705087028790172,0.001921055244564698,0.00811534933745861,0.7622743005141167
XGBoost,516,local,raw,0.932877241700462,1.0609227544575153,0.23352140419493672,0.001986423637958348,0.0024612321683877662,0.006096388678997755,0.7573580012558555
XGBoost,516,local,platt,1.083361421135019,1.071130470371397,0.38083404533873555,0.0019442505073297561,0.004042127965418976,0.006097971461713314,0.7573580012558555
XGBoost,516,agrupado,raw,0.9074976838749385,1.3832602028508658,0.07481426231871602,0.002605200621023194,0.004425797770153501,0.006079560145735741,0.7670908040061207
XGBoost,516,agrupado,platt,1.0988383739479934,1.15627059490403,0.3610486411334133,0.002117452413617607,0.00600065747016593,0.006066879257559776,0.7670908040061207
XGBoost,516,continuacao,raw,0.8436337202319094,0.9971502172570395,0.26538652412901875,0.001682877237402213,0.0020077920134497613,0.00608093524351716,0.7587893029960552
XGBoost,516,continuacao,platt,1.0700453198420363,1.0994187356573966,0.4258851432086086,0.001241681547325941,0.0019717220035440565,0.006083052605390549,0.7587892900794518
XGBoost,516,externa_platt,raw,1.075488894478203,1.177924726859863,0.3226899527789211,0.0013769005580928154,0.0020419909799872316,0.0061051431111991405,0.7259680716547023
XGBoost,516,externa_platt,platt,1.0806831173366211,1.2215083800533875,0.30766672127257344,0.001390727003480326,0.001968611161448534,0.006108773406594992,0.7259680716547023
XGBoost,529,local,raw,0.6564015234436891,0.8661980552626043,-0.12750954429552586,0.0033163698718433623,0.004051560347364184,0.005694314371794462,0.7104790094950262
XGBoost,529,local,platt,1.1500271034150569,0.9412434376562042,0.34612755973889797,0.0021471417126892375,0.004072309860983631,0.0056311944499611855,0.7104788873672674
XGBoost,529,agrupado,raw,0.801952942782334,1.0074264302968947,-0.04922003547594578,0.002112260258801978,0.0035519476836075627,0.0056354752741754055,0.7099562212694448
XGBoost,529,agrupado,platt,1.1531927402477682,0.9408910397808101,0.33350758750989407,0.001835082343531494,0.003809245955119062,0.005630917847156525,0.7099562212694448
XGBoost,529,continuacao,raw,0.7224217274271288,1.0268407440355407,-0.12682146827623875,0.0023820151789752143,0.004329341825081811,0.005638570059090853,0.6915529521536008
XGBoost,529,continuacao,platt,1.1458405496643902,0.9401138014568416,0.36791091163709133,0.0016672740438994059,0.003217685987669255,0.005628049373626709,0.6915529521536008
XGBoost,529,externa_platt,raw,1.1870362029145782,0.9372161506485803,0.3218083878333804,0.001748132074788534,0.0035406582281313245,0.0056316242553293705,0.6621615636261197
XGBoost,529,externa_platt,platt,1.1905742548627858,0.9368128669191748,0.31439786155774563,0.0017658046118380042,0.0037328763157449085,0.0056322901509702206,0.6621615636261197
XGBoost,551,local,raw,0.840315629885504,1.3989268104572148,-0.060427796871910466,0.002964381876182931,0.0038648420607825785,0.0051712412387132645,0.7791817561374402
XGBoost,551,local,platt,0.9517616264427806,0.9754237938409654,0.21318088766788446,0.0023442067872229615,0.0032699878051729303,0.005194541532546282,0.7791817561374402
XGBoost,551,agrupado,raw,0.8296976980385358,1.4676636555125968,-0.06465114358211554,0.0029910965516289577,0.0037613802036683677,0.00516595458611846,0.779479268814171
XGBoost,551,agrupado,platt,0.9538286113291983,0.9755458715960128,0.25912224051212274,0.002189085161424096,0.0042094908349442186,0.005179188679903746,0.7794792745637636
XGBoost,551,continuacao,raw,0.8331440876982075,0.9986152528442576,0.22069202658390008,0.001614156665830723,0.0021355943441566413,0.005188134498894215,0.7662857530806806
XGBoost,551,continuacao,platt,0.9412028253815947,0.9764684613768169,0.3343452095672985,0.0014458392536450878,0.002929813821039531,0.005177279468625784,0.7662857530806807
XGBoost,551,externa_platt,raw,0.9405987930925997,0.9766555547161361,0.24796615835880242,0.0012661852729346009,0.001663455405316398,0.005181470885872841,0.7363622391080606
XGBoost,551,externa_platt,platt,0.9484726954599477,0.9765231716694308,0.23234306570743524,0.0012555510673329638,0.0015973318675175181,0.00517865689471364,0.7363622333584678
XGBoost,564,local,raw,0.7357998983853778,1.0298332814156061,0.1841257284675617,0.0028970251636440437,0.007982691876251056,0.006554801017045975,0.7693165891750017
XGBoost,564,local,platt,0.7874862302899942,0.9475155374629948,0.37293321595535467,0.0025774309200382334,0.006821880996332532,0.00655386783182621,0.7693165891750017
XGBoost,564,agrupado,raw,0.8914381338624604,1.1641514565611515,0.1517465780769367,0.002368171050634186,0.003909382077293643,0.006625209003686905,0.7713747379310625
XGBoost,564,agrupado,platt,0.7879387582855426,0.9304088484072983,0.20732337937698553,0.0024108329274245585,0.002821394622770359,0.006681877188384533,0.7713747379310625
XGBoost,564,continuacao,raw,0.7143592449556342,0.9055191946496949,0.34721834168777654,0.0034048438401217056,0.00934812452620718,0.006592454854398966,0.7793136756990775
XGBoost,564,continuacao,platt,0.7957866100794321,1.0102149401679203,0.3247926901374836,0.0023386554258365733,0.005291106654813563,0.006556833628565073,0.7793136756990775
XGBoost,564,externa_platt,raw,0.8867773738595534,1.4730445218966228,-0.010062866350553534,0.002582881982959864,0.004508756435647312,0.0066719939932227135,0.7152382306406088
XGBoost,564,externa_platt,platt,0.8901886180218751,1.5335549199215237,-0.015488796373746894,0.0026522236924869658,0.004576075219167649,0.006673568859696388,0.7152382306406088
XGBoost,566,local,raw,0.8107625267534688,1.1384926342117658,0.051277004449595154,0.0019444729405073882,0.003099512264131436,0.006866921205073595,0.7382559328716825
XGBoost,566,local,platt,0.9424683161803136,0.9736410691296684,0.2882817613770854,0.001259858383186343,0.0018932961813200254,0.006865240167826414,0.7382559328716823
XGBoost,566,agrupado,raw,0.9080209406176546,0.8679389298216162,0.41957934972547406,0.0019318718665542313,0.001952971529900636,0.0068644993007183075,0.7448479245070463
XGBoost,566,agrupado,platt,1.0441062366026594,1.061890681656163,0.37329562780164594,0.001682631806519464,0.003246052031150502,0.006828456651419401,0.7448479391756703
XGBoost,566,continuacao,raw,0.799427387191174,1.010198470953211,0.10741456624769086,0.0021932134312540397,0.0035610749003297097,0.006838337052613497,0.7486003932364735
XGBoost,566,continuacao,platt,0.959302452368171,1.0592040725467873,0.2927993166139018,0.0014922824308097576,0.0023503472758345375,0.006831970531493425,0.7486003932364734
XGBoost,566,externa_platt,raw,0.9425735478604254,0.9718658039209632,0.2547596323182475,0.001446169184474094,0.0022748426158196037,0.006859202869236469,0.7154543635636073
XGBoost,566,externa_platt,platt,0.9523371177738057,0.9716284770082265,0.2387083398988139,0.0013900866507193777,0.0022370701895091686,0.006857376545667648,0.7154543635636073
XGBoost,732,local,raw,0.7487309578091362,1.0163854895627649,-0.07610756214410586,0.0021043504781513077,0.004617002943441981,0.004896854516118765,0.6487688607150005
XGBoost,732,local,platt,0.9736750113605209,0.9715209087353215,0.09889739696233946,0.0012827850994774357,0.003044274870661043,0.004890827462077141,0.6487689058944238
XGBoost,732,agrupado,raw,0.8043518710166491,0.8047946707079578,0.0905122155353375,0.0019397845892740887,0.004038602894260768,0.004885789006948471,0.6575129088907232
XGBoost,732,agrupado,platt,1.062469375980189,0.9583339152419438,0.19916385356634336,0.0009997312611551453,0.00186745213078601,0.004883145447820425,0.6575128863010116
XGBoost,732,continuacao,raw,0.7257941810035481,1.0232289509707764,-0.16791492756158632,0.00201840807868784,0.004227356488505999,0.00489456532523036,0.6241500508042614
XGBoost,732,continuacao,platt,0.9949577907847357,0.9643699721343969,0.15872853938787657,0.001095010157205393,0.00204533233883835,0.004888910334557295,0.6241500508042614
XGBoost,732,externa_platt,raw,0.9938176673679272,0.9647637285666665,0.14769595805853086,0.0008767501630160623,0.0017269455606029145,0.004889418371021748,0.6319260620665881
XGBoost,732,externa_platt,platt,0.9974326212515838,0.964728496333977,0.14000886623113828,0.0008509113850605824,0.0016880544257305919,0.0048893834464251995,0.6319260394768764
XGBoost,733,local,raw,1.0672064315595562,0.5076355769076524,0.8790180603591766,0.0032036051502188773,0.0037966028712007015,0.0055475616827607155,0.675335391794974
XGBoost,733,local,platt,1.0406401743176448,0.9600509018379842,0.18272184530180358,0.0009423399447498679,0.0016864753544749045,0.005432817153632641,0.675335391794974
XGBoost,733,agrupado,raw,1.1114465691821114,0.8370209489811903,0.5639851013748016,0.0017470013248138576,0.003400751877054515,0.005440072622150183,0.7333861866066796
XGBoost,733,agrupado,platt,1.0783212735979921,1.3701835052942999,0.23240255514067076,0.0018719641156286545,0.004255940704119745,0.005420680623501539,0.7333861517261702
XGBoost,733,continuacao,raw,1.0739961198631722,0.9499994069835536,0.3611147324172821,0.0016705195865485605,0.0023198885821363994,0.005441193003207445,0.7382999086200412
XGBoost,733,continuacao,platt,1.1309649187829762,1.335691277979003,0.2512032906143036,0.0018420909421264626,0.0030603306927368093,0.005424101836979389,0.7382999086200412
XGBoost,733,externa_platt,raw,1.134432919248881,1.393839772290008,0.2355959335891571,0.0018222227627494117,0.004850833289769832,0.005427343305200338,0.7235200252144227
XGBoost,733,externa_platt,platt,1.1284406868459713,1.4445917287246897,0.22184681096952819,0.0018569241529533306,0.004911861740497297,0.0054276627488434315,0.7235200252144227
XGBoost,774,local,raw,1.2242468045031658,0.2888845504265848,1.3711761860200093,0.0042352703330823735,0.005170723002192824,0.00498946150764823,0.6293258612799933
XGBoost,774,local,platt,1.1182638592078085,0.9490664188599078,0.14214462321483357,0.001301960099532325,0.003181828237697985,0.004863800946623087,0.6293259781647572
XGBoost,774,agrupado,raw,0.9138916196275428,0.7366370205752201,0.39093345683299763,0.0015846493603392242,0.0021714333263847994,0.0048833610489964485,0.6978523301269894
XGBoost,774,agrupado,platt,1.1788784606616651,1.3601462166417153,0.2924951938935445,0.001557153615729505,0.004147659312159469,0.00485187117010355,0.6978522716846075
XGBoost,774,continuacao,raw,1.0342792647182069,0.20059326272956016,1.6211032299348043,0.005431379993906403,0.005894261317100758,0.005104824434965849,0.5969133948186153
XGBoost,774,continuacao,platt,1.1291610299041022,0.9469490586706496,0.14454978984081013,0.001101241319674603,0.0024805995731208568,0.004864881746470928,0.5969135409245702
XGBoost,774,externa_platt,raw,1.1868886345788454,0.9387557242470042,0.3476271061249898,0.0014618127731436965,0.0027807049010848874,0.004855944775044918,0.6966683166899169
XGBoost,774,externa_platt,platt,1.1857871060726117,0.9394975313870667,0.33396095317088825,0.001472240964604088,0.0027860130388264554,0.004855600651353598,0.696668258247535
LightGBM,022,local,raw,1.1716272204143063,0.6604464869057671,0.7679054152725913,0.0018131839930907215,0.0038124941071553727,0.004884718573136582,0.7027018931898732
LightGBM,022,local,platt,0.7126732673021976,1.0275459677141616,-0.0182440712913694,0.0024709121488436076,0.004520813183923433,0.004888886066204188,0.7027018931898732
LightGBM,022,agrupado,raw,1.0151003031545638,0.8049315013617753,0.5717215413392749,0.0016707956603435109,0.0024384250394889526,0.00487658128648846,0.7380041475693973
LightGBM,022,agrupado,platt,0.7036144110086249,0.905704149504005,0.0624986617064307,0.0024248915266956482,0.004258708918507059,0.004888516664236712,0.7380041475693973
LightGBM,022,externa_platt,raw,0.7561878339311312,0.672976360293321,0.32232574366657474,0.002888974246385813,0.004734801597389987,0.004926739104528397,0.6798825138121021
LightGBM,022,externa_platt,platt,0.7507678097088333,1.0178067927818857,0.0022799386132179578,0.0021347235497410025,0.004360540632980905,0.0048750606700761045,0.6798825138121021
LightGBM,022,continuacao,raw,0.964681525589706,0.7792307531940907,0.6364870729149565,0.001878986285265835,0.002983347578603265,0.004866993506667557,0.7338905987676754
LightGBM,022,continuacao,platt,0.6992501770982895,1.0340533999323345,0.05963396958802214,0.002622061725879309,0.005828313531639451,0.004868008595823417,0.7338905987676754
LightGBM,076,local,raw,0.5461146958112509,0.8235613273510611,0.26721389470129164,0.005167629121269752,0.009196995176166262,0.00585526152362109,0.7950128959866691
LightGBM,076,local,platt,1.1785684865985788,1.1449122781611292,0.6139914689695365,0.0012128222324933177,0.004348493291797557,0.00568894423188826,0.7950128959866691
LightGBM,076,agrupado,raw,0.6837600023234786,1.444629085036447,-0.23179096713540748,0.003619319076414679,0.00456715933374339,0.005717821106806671,0.7968499437788704
LightGBM,076,agrupado,platt,1.22340750438445,1.3369674148206636,0.38868956440349844,0.002770701460462504,0.006980049922560258,0.005723065144884497,0.7968499437788704
LightGBM,076,externa_platt,raw,0.6719880787153539,0.7414386740012157,0.34825521917252544,0.0035977168751199044,0.008056062069072749,0.00578652669635811,0.7436126929685416
LightGBM,076,externa_platt,platt,1.1291045361907823,1.232304377528192,0.3912699349853037,0.001128855709356335,0.002861449107214756,0.00573496280256774,0.7436126929685416
LightGBM,076,continuacao,raw,0.4878341401197025,0.7081908479797214,0.372176978601618,0.006694074664427269,0.010597072971404435,0.006197203578514387,0.7868041398167183
LightGBM,076,continuacao,platt,1.181224796921557,1.184162552224803,0.553797076768987,0.0014795645757615663,0.0037640754980021013,0.005698992130556898,0.7868041398167183
LightGBM,079,local,raw,0.980677481837057,0.7994737918147075,0.7217653692599075,0.0014584418366363503,0.0016693507486191398,0.005168760212574505,0.7535699899852039
LightGBM,079,local,platt,1.0387911750648375,1.1844076789650386,0.36689532360532784,0.0009665834586199557,0.0016640357172227403,0.005157349815638007,0.7535699899852039
LightGBM,079,agrupado,raw,1.017885799480405,0.9641214822511359,0.44887932688086707,0.0012331189150137996,0.0020808549328835625,0.005154047419927458,0.767914340439586
LightGBM,079,agrupado,platt,1.002478415654463,1.058749975936229,0.397270492264413,0.0012515015206692327,0.0022388056774898897,0.005152811961494,0.767914340439586
LightGBM,079,externa_platt,raw,0.9630607309198358,0.7890103320765596,0.4528696679468691,0.0011412866026281098,0.001367356479162316,0.005200675754414497,0.7170115408436756
LightGBM,079,externa_platt,platt,1.102148322659337,1.141667713908171,0.3268382694138863,0.0010210966484519401,0.0024355542524713545,0.005186247115321812,0.7170115408436756
LightGBM,079,continuacao,raw,0.9946487700470001,0.878035443689802,0.6252722884555286,0.0011067889865073936,0.0014638752140185732,0.005163557539497864,0.7598409002333755
LightGBM,079,continuacao,platt,1.0353765673112925,1.1678371155543,0.38717225136310685,0.0010246066626340452,0.0015168566405610114,0.005157034795360355,0.7598409002333755
LightGBM,151,local,raw,1.2858219387119445,1.2159993722231421,0.4561888676739798,0.002501871491049187,0.00814697745452243,0.00605281428626324,0.7743183192718949
LightGBM,151,local,platt,1.147551158301267,1.0063950142361477,0.4602920199624263,0.0023312792462275717,0.007111391768976923,0.006056198365636869,0.7743183192718949
LightGBM,151,agrupado,raw,1.0160335576763249,0.9068897437315637,0.6792879258075324,0.00177846152752517,0.0026102290447934796,0.006011162986856973,0.7963894163394127
LightGBM,151,agrupado,platt,1.1410332130370893,0.932786757933451,0.781152744559197,0.001909162048505593,0.0036238660882181918,0.006004932733954679,0.7963894163394127
LightGBM,151,externa_platt,raw,1.0119477836046908,0.7432812047059365,0.827967741445482,0.0026546446716901274,0.004233192083194158,0.006123172060728388,0.7753579907913104
LightGBM,151,externa_platt,platt,1.0683504371804073,0.8285209676124711,0.7062943823483856,0.0021734316317290467,0.004154061245977389,0.0060781239911060795,0.7753579907913104
LightGBM,151,continuacao,raw,1.1243484246367987,0.8159566073309592,0.8858153521013543,0.0023039581087045957,0.005062116240782604,0.006066015903756107,0.7862452655643282
LightGBM,151,continuacao,platt,1.0910269082020818,0.8487459233548792,0.7823315610069157,0.0021388580947465127,0.004740986930207042,0.006058370198284364,0.7862452655643282
LightGBM,215,local,raw,0.9350614046313507,0.7534522580972179,0.7568410959049503,0.001873867509137578,0.0021461480527119273,0.005890590727038161,0.7645300669362516
LightGBM,215,local,platt,0.8695340655462269,0.9913639349797284,0.321885809442672,0.0012245316374175778,0.0019901247121063776,0.00586185009728678,0.7645300669362516
LightGBM,215,agrupado,raw,1.0418209802763745,0.9519260455238526,0.5865278563592957,0.0010333127885195955,0.001717040723258342,0.00586327905537401,0.7679541325974933
LightGBM,215,agrupado,platt,0.8626723950321088,0.9065412690592174,0.39734433359416155,0.0012601946738352403,0.002012180642459034,0.005874445288412111,0.7679541325974933
LightGBM,215,externa_platt,raw,1.0821935885919416,0.735043642441678,0.573481111818336,0.0013199328624997012,0.001975792528171653,0.005893048317343461,0.6973131620651343
LightGBM,215,externa_platt,platt,0.894875803525194,0.7939865838647227,0.30761345155261655,0.001503786528762009,0.002106356474738893,0.005894477121778169,0.6973131620651343
LightGBM,215,continuacao,raw,0.9037544718200097,0.750576863348914,0.6576555800100925,0.001857001256879155,0.002298868842707115,0.0059067081630028795,0.7544532913666141
LightGBM,215,continuacao,platt,0.872520440173629,0.9878204252342238,0.345159610171077,0.001163429984462431,0.0019074598951572244,0.005872745347559674,0.7544532913666141
LightGBM,385,local,raw,0.7967072400013062,0.9699135279932131,0.2931406984214435,0.002931334686686853,0.004036015576102597,0.009787455441160595,0.7858874020362975
LightGBM,385,local,platt,0.9682268163471134,0.962060946359684,0.4959149377114054,0.0017432163983756082,0.002073105877467796,0.009756317046953622,0.7858874020362975
LightGBM,385,agrupado,raw,0.9146505619133566,1.0271143032824566,0.3561923221717995,0.0020098015836439802,0.002577260099459389,0.009771632178912965,0.7868252449981181
LightGBM,385,agrupado,platt,0.9750651007104504,0.9618309720490752,0.4620454432300045,0.0019094855546702477,0.0027800828734601754,0.009772796453055984,0.7868252449981181
LightGBM,385,externa_platt,raw,1.5510036212461238,0.7598722331355162,1.0607417391869634,0.0042527226086816645,0.00826396627859145,0.009874348117970657,0.7370401276589515
LightGBM,385,externa_platt,platt,0.985293694797444,0.9582082101231001,0.352254303666915,0.0012770196595506002,0.0019056219959604575,0.009851470860993982,0.7370401276589515
LightGBM,385,continuacao,raw,0.8147232725337343,0.8997002564589003,0.41872449333463013,0.002926255571078463,0.005295257714023624,0.009811058152760581,0.7766515020401409
LightGBM,385,continuacao,platt,0.9841347751274453,0.9594392880923369,0.5171892362014336,0.0013921883833974509,0.002015380878919277,0.009768036899999185,0.7766515020401409
LightGBM,515,local,raw,0.8253796159054008,1.1071488390638498,0.30913873415283444,0.002464688612419214,0.004370498085755329,0.008095033140359895,0.7964050084311189
LightGBM,515,local,platt,0.9550706468857256,1.0395042010872677,0.5295694345299786,0.0016684560104075928,0.0022375073888539036,0.008091712707284019,0.7964050084311189
LightGBM,515,agrupado,raw,1.027203397941461,1.1035477557638311,0.512419080929976,0.0018585810790770253,0.002035638911366775,0.00800398936192927,0.8023195373444121
LightGBM,515,agrupado,platt,1.1776789448696763,0.9992181366064751,0.7763200719869712,0.0021566276282727983,0.0035971013248863957,0.008005645981629818,0.8023195373444121
LightGBM,515,externa_platt,raw,1.1696794068986265,0.9249590834737523,0.7468459210818779,0.002097124553979579,0.0042172308538245586,0.008142119218710914,0.7659078590897691
LightGBM,515,externa_platt,platt,0.9910974326309392,1.0642317863638897,0.4300529305725318,0.0018001440486001765,0.003440547590168359,0.008141469299465104,0.7659078590897691
LightGBM,515,continuacao,raw,0.881355325270308,1.0425116711403535,0.4088093472156977,0.0020823876039641137,0.004021024251483497,0.008050333928472797,0.784168037479706
LightGBM,515,continuacao,platt,1.0159533300195942,1.0563805488440763,0.5430305242585494,0.0016837625363474895,0.003128782942579055,0.008052908664705587,0.784168037479706
LightGBM,516,local,raw,0.8963401448190943,1.4055003490111382,0.02994993761112852,0.003104909777852667,0.004830686854363621,0.0061000163701153895,0.760153231732881
LightGBM,516,local,platt,1.0918857583621648,1.090682457062904,0.35264792974659187,0.0025538809790736686,0.006258470764548719,0.006086392872050653,0.760153231732881
LightGBM,516,agrupado,raw,0.9879628525200719,0.9658302609129146,0.44645477321323224,0.0016443957606396948,0.001994691897301552,0.006042878512412049,0.7681828511578197
LightGBM,516,agrupado,platt,1.0885836952170627,1.1079752507453762,0.4372737500955566,0.0015790930958493041,0.0026504975877985207,0.006054767203613381,0.7681828511578197
LightGBM,516,externa_platt,raw,0.9999260364164908,0.8912029693123211,0.48670623536704927,0.00173685292072139,0.002781068820801057,0.006104519954696339,0.711812481815037
LightGBM,516,externa_platt,platt,1.063878051674382,1.1639175939006385,0.3394191094386656,0.0014339769500503181,0.0029031355854689704,0.006121293923020071,0.711812481815037
LightGBM,516,continuacao,raw,0.9065873002565582,0.835756909087405,0.6476941288472808,0.0021702259078126684,0.0021340453922394907,0.006048962429858435,0.7584699658100091
LightGBM,516,continuacao,platt,1.0625818045365287,1.1025481207632246,0.4671614459125699,0.0013560841589569943,0.002144215066740409,0.006057881290704454,0.7584699658100091
LightGBM,529,local,raw,0.6718899269826045,0.6344751960050111,0.2426378979812016,0.003708746341412456,0.003359414809763178,0.005932589104071496,0.7080694695258674
LightGBM,529,local,platt,1.144299923861518,0.9418335059657333,0.35913046539771365,0.001779821643034622,0.005005423280574354,0.005630480831075709,0.7080694695258674
LightGBM,529,agrupado,raw,0.7610685372859329,1.0178042760931776,-0.10473358457470372,0.0024017087216164964,0.00354724794322457,0.005640568666735603,0.709983252213362
LightGBM,529,agrupado,platt,1.1499677379926294,0.9411326161735822,0.33372488677770473,0.0019574179240017028,0.0032592353602879337,0.005632022401953554,0.709983252213362
LightGBM,529,externa_platt,raw,0.9127273273725878,0.6878814783866821,0.3728729515662801,0.002279310671063939,0.0035433285981576594,0.005645206282779746,0.6702798028369463
LightGBM,529,externa_platt,platt,1.1780406189984234,0.9328997088044911,0.45011687439031167,0.0016744643490275133,0.00336871837373711,0.005631083430521102,0.6702798028369463
LightGBM,529,continuacao,raw,0.9000216730662021,0.7180223789716982,0.37284106423889884,0.0023193294680945694,0.003211102256383508,0.0056636500073029795,0.6852311308541941
LightGBM,529,continuacao,platt,1.163440304752895,0.9358260820433376,0.44250206061064024,0.0019110080140018098,0.00376929028415373,0.005629280871371148,0.6852311308541941
LightGBM,551,local,raw,0.8341748732254504,1.4171407744487332,-0.06606733917357577,0.0028857639505141565,0.0036924428663123055,0.005171568403164498,0.7783074673146289
LightGBM,551,local,platt,0.951547486081984,0.9758662282578916,0.21548158314474364,0.0022764418995711608,0.003140243988419562,0.005194159896890942,0.7783074673146289
LightGBM,551,agrupado,raw,0.789607630649603,1.7028548194843842,-0.1572455923455056,0.0033331350724502347,0.004335618892954628,0.005172451652846887,0.7752082873341957
LightGBM,551,agrupado,platt,0.947929945075548,0.9755742878460291,0.24021424764959232,0.0021673995866783283,0.003243079391346213,0.005190574280848497,0.7752082873341957
LightGBM,551,externa_platt,raw,0.892513805204213,0.8462570115232649,0.4026737993321987,0.0014008344965336717,0.002208625775204495,0.005184301444070636,0.7294177717451007
LightGBM,551,externa_platt,platt,0.940844041851283,0.9785919252296766,0.26957164954810064,0.001086103701413142,0.0021722989545758862,0.005173129243090249,0.7294177717451007
LightGBM,551,continuacao,raw,0.8929508676317032,0.8749567803106474,0.43042146222111466,0.0014247357530266988,0.0015986858309700142,0.005195216649162044,0.7640249787147202
LightGBM,551,continuacao,platt,0.9345742362680053,0.979783554916146,0.31533146766895115,0.0013191838834000684,0.0019104859456443026,0.005168033939002097,0.7640249787147202
LightGBM,564,local,raw,0.7447378814640411,0.9290238910668303,0.3166752325957862,0.0031769492393382073,0.008426814262800541,0.0065717666673193184,0.7656716647180559
LightGBM,564,local,platt,0.7921660193474391,0.9582918781407236,0.34121873928132906,0.0026751644326348236,0.006397898436861714,0.006559505096125746,0.7656716647180559
LightGBM,564,agrupado,raw,0.9352649840774548,1.0456118240145735,0.3209182527244563,0.0014836112102094962,0.0020811981292736823,0.006600237198813219,0.7698439257509808
LightGBM,564,agrupado,platt,0.8227645278019278,1.003340967260397,0.21240572173966576,0.001940910358940571,0.0023292301080571234,0.006607460805479799,0.7698439257509808
LightGBM,564,externa_platt,raw,1.221419541111676,0.9251793189236881,0.6086038941736387,0.0018835746302291016,0.0034094094702852617,0.006661244303069555,0.7331598103685355
LightGBM,564,externa_platt,platt,0.8716038401942768,1.2497691216611144,0.09666856877367014,0.0024706489090039227,0.003920478305927065,0.006658403301232588,0.7331598103685355
LightGBM,564,continuacao,raw,0.7125350320254314,0.8323523319293563,0.4620157318844331,0.003708473955666652,0.008301017035728721,0.00666569561493149,0.7752861352677709
LightGBM,564,continuacao,platt,0.8109451556414949,1.006209401246147,0.32784862963649175,0.0021834086479770513,0.0044993594683578105,0.006575911493746805,0.7752861352677709
LightGBM,566,local,raw,0.7744552955352797,0.8656131661375548,0.28392608855437373,0.002756936566707945,0.004541004819583802,0.0068793796876584,0.7399209390501068
LightGBM,566,local,platt,0.940053770912601,0.9760171075883571,0.30618713296879996,0.0012616392435180006,0.0022143355945443296,0.006852327704984816,0.7399209390501068
LightGBM,566,agrupado,raw,0.9233317721179901,0.7533456942746538,0.5771965052961905,0.0023540769997364673,0.0024612550171616582,0.0069339586152837186,0.7299681456160176
LightGBM,566,agrupado,platt,1.0693983632922297,0.9495994692032835,0.4357612451025057,0.001672088238681009,0.002580205359092482,0.006830391296713877,0.7299681456160176
LightGBM,566,externa_platt,raw,0.9946586871617763,0.8274920645420684,0.4926882698323434,0.0017920980098630219,0.002986518818585109,0.006872862218104419,0.7110508572930638
LightGBM,566,externa_platt,platt,0.9595809368744674,0.967672199404418,0.3336712822605765,0.0015332483337439338,0.0026565589800557877,0.006870599313845448,0.7110508572930638
LightGBM,566,continuacao,raw,0.7506153381216497,0.7815887378658518,0.33768443355540434,0.0034089316282290834,0.007152914793801304,0.006926369617584256,0.7265778598829562
LightGBM,566,continuacao,platt,0.9642243755948217,0.9672523709000932,0.36416676269540815,0.001486716489241812,0.0024214305059674767,0.006844675609069247,0.7265778598829562
LightGBM,732,local,raw,0.7215600005681674,1.023887090897475,-0.12755993878091498,0.0022071529103773737,0.0043157817485431835,0.004898519407042552,0.6489493525110949
LightGBM,732,local,platt,0.9288384819718315,0.976574735990784,0.1327660679486593,0.0014950580298613162,0.0032014524431100916,0.004891838114186746,0.6489493525110949
LightGBM,732,agrupado,raw,0.8240432028107182,0.7860339414083447,0.12331970490616317,0.001770933153626831,0.0030341247274052532,0.004890130448382231,0.6584829111090329
LightGBM,732,agrupado,platt,1.0653936564277828,0.9572507862150826,0.21552140367202455,0.0010764434923795968,0.0016211241927175293,0.004882847872787433,0.6584829111090329
LightGBM,732,externa_platt,raw,0.8857298354971672,0.5751556145511107,0.35449199297084366,0.002435792291032139,0.004194524697959423,0.004903568417233117,0.6348957959191234
LightGBM,732,externa_platt,platt,1.0232563368444454,0.9635553048564172,0.13708903748596324,0.0009819706735234874,0.0019486419368712673,0.0048888094193406525,0.6348957959191234
LightGBM,732,continuacao,raw,0.7382579202109913,0.6238025151674736,0.066490622298641,0.002965134557929023,0.0048683513576785725,0.004910685341310248,0.6300127134897173
LightGBM,732,continuacao,platt,1.0102015977181873,0.964938728372226,0.13738889598738435,0.0014655989648951332,0.0026558003077904384,0.00488916604945635,0.6300127134897173
LightGBM,733,local,raw,1.2065919165567418,0.7912162908286244,0.6039176389364469,0.00188115503292684,0.0037033687554904253,0.005437893922032893,0.7130557677259436
LightGBM,733,local,platt,1.0880342430198247,1.191168265699645,0.25463818175045727,0.0016054202422392302,0.003863195023774031,0.005426991996002046,0.7130557677259436
LightGBM,733,agrupado,raw,1.1189448226151122,0.9454067819116158,0.40711379035206274,0.0016763375676899146,0.002837175338393929,0.0054240058629043035,0.7430625980273118
LightGBM,733,agrupado,platt,1.0892392235139206,1.4235506242479576,0.21397218155462205,0.0018736663268870577,0.003343625436536968,0.005420714711269458,0.7430625980273118
LightGBM,733,externa_platt,raw,0.9991606144557392,0.8363949605389266,0.4940302667588119,0.0013018651401679152,0.0019984746221801655,0.005432476771224285,0.7331648697739666
LightGBM,733,externa_platt,platt,1.1384822638633634,1.466290141092498,0.2839633555546941,0.001590549189201143,0.0025373392247314496,0.005421460969675495,0.7331648697739666
LightGBM,733,continuacao,raw,1.198801551908852,0.7809799835742464,0.7271190532901244,0.0018265248795030372,0.003345273254953572,0.005436622175692045,0.7275892203320165
LightGBM,733,continuacao,platt,1.13992690569177,1.445255476930913,0.2779273059251546,0.0016877002136177126,0.0030618234046454465,0.00542285558680423,0.7275892203320165
LightGBM,774,local,raw,1.5485993427352784,0.19169509424606682,2.357199560972166,0.005203732003660192,0.005772203493796731,0.005039908469557167,0.60565476799251
LightGBM,774,local,platt,1.1199301876343624,0.9481866740960403,0.14439281390615744,0.0011072029624035066,0.0023282336166653875,0.004864548001954632,0.60565476799251
LightGBM,774,agrupado,raw,0.9287471268193431,0.6485802888555344,0.49123926655444095,0.0018809023398773206,0.002185566227898183,0.004902213294903774,0.6947036883571671
LightGBM,774,agrupado,platt,1.1659309838218856,0.9436096940307686,0.30199951693891425,0.001427050458044883,0.004430157505855588,0.0048530822413670295,0.6947036883571671
LightGBM,774,externa_platt,raw,0.8218064677661001,0.7179506684205567,0.3062898042286184,0.0018889395022223528,0.0027761981283363556,0.004889483885184093,0.7034801561814215
LightGBM,774,externa_platt,platt,1.2169363823589376,0.9359456243741264,0.4013268347826182,0.0015277650644344542,0.003665360858143586,0.004852088691285898,0.7034801561814215
LightGBM,774,continuacao,raw,2.0485782195214814,0.2677440717637465,3.174276734783674,0.004900679548794833,0.0067743140521651585,0.005057335818192882,0.6640721366008858
LightGBM,774,continuacao,platt,1.1431520454969202,0.9468612223573514,0.1886386601650205,0.0012852364431269203,0.0032470057487196213,0.004860371248921632,0.6640721366008858
CatBoost,022,local,raw,1.0000053816769316,0.8426363534496013,0.5661807553647042,0.0013804829288379336,0.0026830406256535613,0.004866374536297871,0.7383439206927113
CatBoost,022,local,platt,0.7090597288737276,0.8423516555268422,0.2124541484791198,0.002517798630571903,0.004692723541758354,0.004890909653936082,0.7383439206927113
CatBoost,022,agrupado,raw,0.8985417961600334,0.9862935182013299,0.20271324704161753,0.0018320629699441324,0.0032091893399935193,0.004868575008008492,0.741430142732413
CatBoost,022,agrupado,platt,0.7263205408278474,0.9279780284066029,0.0452728797250046,0.0024599476706884697,0.0033235051463583643,0.00489950885302094,0.741430142732413
CatBoost,022,externa_platt,raw,0.7545556558759281,0.8030750172949694,0.18396034813502826,0.002424088345637803,0.0025572278648860387,0.004918196328817879,0.715206496358238
CatBoost,022,externa_platt,platt,0.7622271632709937,1.0169783791114666,0.0036541490873220894,0.0020437301968245017,0.0032374717623510903,0.004869198173056407,0.715206496358238
CatBoost,022,continuacao,raw,0.9335490273738032,0.7149098713516115,0.49440176560958005,0.001959751870563341,0.0024110309946883154,0.005004981328710317,0.7188122466526072
CatBoost,022,continuacao,platt,0.7755837743190167,1.0157393925868465,-0.036570403742848256,0.00191775281604612,0.002979954994932627,0.004876139104431892,0.7188122466526072
CatBoost,076,local,raw,0.42511422228762213,0.6585891560832111,0.25733194659833636,0.008146179910979868,0.008494255682638256,0.007173372666613121,0.794049219643182
CatBoost,076,local,platt,1.1902991765433377,1.1827926040457548,0.49037733850702736,0.0019441342485792788,0.00436801606660998,0.0056801894966048835,0.794049219643182
CatBoost,076,agrupado,raw,0.5899776816390778,0.6675164233985199,0.30335340457945836,0.004304795416925913,0.002426308904053989,0.006822253248185921,0.7975456154587842
CatBoost,076,agrupado,platt,1.208922033451704,1.15792301935684,0.43231496037178196,0.0028138707045735176,0.007385736185646548,0.005750523397238153,0.7975456154587842
CatBoost,076,externa_platt,raw,0.49076159731550306,0.6829969732333059,0.0322379518098046,0.0062499434183454754,0.01566049257760635,0.0060261175813157855,0.7574056964775319
CatBoost,076,externa_platt,platt,1.0983090260132986,1.1290714215246367,0.35486036229587814,0.0018169973753291606,0.005146693716329918,0.005742692559244686,0.7574056964775319
CatBoost,076,continuacao,raw,0.43998586489900604,0.6449634007032069,0.28983432794761743,0.007760604968800522,0.006929525170114452,0.007349598709958869,0.7951698014776778
CatBoost,076,continuacao,platt,1.193015414776084,1.1902854809723822,0.480373534650556,0.002069579310040085,0.005635700867236419,0.005689010367025562,0.7951698014776778
CatBoost,079,local,raw,0.9796810181548663,1.206103737166265,0.24293768365510982,0.0014303471182081442,0.0015953081937781159,0.005139236863739098,0.765511741393182
CatBoost,079,local,platt,1.0178941235684253,1.0495308870348186,0.3844252324506048,0.0012643176192801112,0.0016717153782735633,0.005140425499288027,0.765511741393182
CatBoost,079,agrupado,raw,1.0689433874038519,1.1900298067703685,0.37277479969297733,0.0014056710395741962,0.0020789790269152716,0.005148685314588446,0.7729729798561203
CatBoost,079,agrupado,platt,1.0032186684551594,1.080240001551508,0.3820024261968822,0.0012792369274760654,0.0021034251693034605,0.005149864719155529,0.7729729798561203
CatBoost,079,externa_platt,raw,0.9553946973922216,0.9754305736510802,0.21951514624091306,0.0011785905401897842,0.0016098014059637642,0.005185060225024478,0.7378438285097542
CatBoost,079,externa_platt,platt,1.0547061575219967,0.9585874329778368,0.3102122546591257,0.0011886474897354312,0.0024269772212954627,0.005183672270031,0.7378438285097542
CatBoost,079,continuacao,raw,0.9609272243912251,0.969970870517785,0.44199661482263775,0.0011352252939117985,0.0013065204767784661,0.00516514357604911,0.7643767807130399
CatBoost,079,continuacao,platt,1.0175453253183022,1.0635293010563587,0.3925616888799972,0.0011268843784616083,0.0015131364575253533,0.005151553430671568,0.7643767807130399
CatBoost,151,local,raw,0.8766190904442034,0.7350858359466904,0.3780540171444988,0.0033538083232281433,0.004314234472092853,0.006418330735489011,0.7739318782734945
CatBoost,151,local,platt,1.1175898585617072,1.0268479848304528,0.350110588263024,0.00312829488481914,0.005356302777174917,0.006025692126815584,0.7739318782734945
CatBoost,151,agrupado,raw,0.8649812771665938,0.935998008717781,0.20030090124530808,0.003312394746111146,0.007255650942276503,0.006127714351872963,0.7950604245688646
CatBoost,151,agrupado,platt,1.1397907528626046,1.0458839646798466,0.40149938630873905,0.003022408108615209,0.010019005878551287,0.0060545771326223925,0.7950604245688646
CatBoost,151,externa_platt,raw,0.7756986134062657,0.8054311292356804,0.3899987792761408,0.0035982208625881785,0.0055565210777030255,0.006165462642263096,0.7940963755353916
CatBoost,151,externa_platt,platt,1.1361381105563717,0.9336275110984296,0.6241971740102752,0.0027933629840018828,0.00900560952735498,0.00604408068468104,0.7940963755353916
CatBoost,151,continuacao,raw,0.8255877461957897,0.83077862070481,0.4599859107302233,0.003263316262133891,0.00517566109797629,0.00611792733360316,0.7977476842908051
CatBoost,151,continuacao,platt,1.1344553998552478,0.9330012360001343,0.6698418330748943,0.002724318586550858,0.007593127418244598,0.006036478886022433,0.7977476842908051
CatBoost,215,local,raw,0.09976361860320807,1.6471961937140465,-2.358821155491372,0.05379831122189315,0.05647411564173588,0.008777071641599,0.7537497091207026
CatBoost,215,local,platt,0.9632712761474939,0.9686339454720414,0.008755086198351414,0.004110241324916976,0.006816513062248268,0.005951980004187739,0.7537497091207026
CatBoost,215,agrupado,raw,0.0990359295157918,1.650722968074795,-2.367484021156985,0.05432669537633279,0.05715454024874979,0.008814147018410788,0.7525145874752897
CatBoost,215,agrupado,platt,0.9761875278146834,0.9697505286226146,-0.02180757204989181,0.004256242770467908,0.007576636560399714,0.0059059301498577,0.7525145874752897
CatBoost,215,externa_platt,raw,1.0298799201953095,0.9590539840027993,0.3144417771193746,0.0014208243765224558,0.0025859208264025126,0.00588787002192537,0.7325102693423027
CatBoost,215,externa_platt,platt,0.8469521396536912,0.7856218843850653,0.31703913076546186,0.0016617233469698666,0.001714919770886591,0.005979590562529828,0.7325102693423027
CatBoost,215,continuacao,raw,0.8590033927670379,0.7673994130509469,0.341118160042309,0.0016392541341664745,0.001315063006141053,0.006146641104430492,0.7553193033067566
CatBoost,215,continuacao,platt,0.8567568461494585,0.8018047569657958,0.29490436734525005,0.0015767844887597919,0.0013048378731868803,0.006102024060434752,0.7553193033067566
CatBoost,385,local,raw,0.7659321246050336,1.1635809023648378,0.07374556674554977,0.0036564435502173228,0.004408101245436979,0.009759647878721621,0.7880366030772497
CatBoost,385,local,platt,0.9931048250501033,1.0445292856247268,0.43416031910119735,0.0019844564727782635,0.0031389390218301175,0.009752324106127596,0.7880366030772497
CatBoost,385,agrupado,raw,0.9054439216771012,1.0239374790040974,0.3657330918503634,0.001895189754802276,0.0021864674726258153,0.009775701318307177,0.7888242590062857
CatBoost,385,agrupado,platt,0.9918142825954133,1.0517782568609333,0.43499553266580726,0.0018013275293350445,0.0026193783880899806,0.009766973946870088,0.7888242590062857
CatBoost,385,externa_platt,raw,1.4928485390691901,0.9275737269493446,0.8165389531849039,0.004083696595189595,0.01094456275844056,0.009868541230862534,0.762494597622895
CatBoost,385,externa_platt,platt,0.9983791341790689,1.06210920771965,0.29835818697748984,0.002623257114097142,0.005467686447220437,0.009848322718701246,0.762494597622895
CatBoost,385,continuacao,raw,0.7957287292623377,0.9619445670854156,0.30058590302536636,0.002922572431500749,0.003958882037820162,0.009820130294043078,0.7874107969660115
CatBoost,385,continuacao,platt,0.9827179813498131,1.0134328333277234,0.46587279420707794,0.0018957644587277924,0.002933615383894548,0.009770253705113146,0.7874107969660115
CatBoost,515,local,raw,0.7766478292847429,1.445243219111673,-0.07096392583332278,0.004583621769841996,0.005050087829378887,0.008102705049696434,0.7953572851632106
CatBoost,515,local,platt,0.925415732343425,1.0124328681684036,0.3523935039020287,0.002686886873979701,0.002403198297169664,0.008161078077453292,0.7953572851632106
CatBoost,515,agrupado,raw,0.9994502064099285,1.1062949512651306,0.4216913769557351,0.0022921921423253518,0.00261198430083185,0.008053707134706956,0.7979172372658756
CatBoost,515,agrupado,platt,1.0725611860424853,0.983012512348179,0.6264876442663034,0.0023033758572439593,0.0033608236101441355,0.008067229897836897,0.7979172372658756
CatBoost,515,externa_platt,raw,1.1643713021114905,1.100896824562917,0.5257538714968799,0.0017578440951040606,0.0025468097741262142,0.00813119430865593,0.7627131600526655
CatBoost,515,externa_platt,platt,0.9115916480079772,0.9796686373387808,0.3471431554854387,0.0017559766215391461,0.002852551446476688,0.008120591338673227,0.7627131600526655
CatBoost,515,continuacao,raw,0.758534610235787,1.0831804724613476,0.13623019122987756,0.0035100157677748424,0.005798213018094682,0.008095600499300519,0.7857014472320851
CatBoost,515,continuacao,platt,0.9384466759898402,0.9742198362953877,0.4340283972605512,0.002224841069219138,0.0030084623228661053,0.00809403212689248,0.7857014472320851
CatBoost,516,local,raw,0.8977492561796098,0.9301006329106013,0.39409382501761403,0.002187512353713064,0.0024866356901069985,0.006099247266493184,0.7610127541900362
CatBoost,516,local,platt,1.0963691229436052,1.1009427828051963,0.4364480392848664,0.001958157874294371,0.003624685001618501,0.006067104664445948,0.7610127541900362
CatBoost,516,agrupado,raw,1.0093400112905337,0.9090090839074481,0.6042795555771061,0.0019711673478069237,0.0025855591065144247,0.006037890712561177,0.7733064027318926
CatBoost,516,agrupado,platt,1.0872608898546157,1.1230507854616953,0.4508174456300367,0.0018086558780641478,0.0038847905670917546,0.006037893419846507,0.7733064027318926
CatBoost,516,externa_platt,raw,0.8839791811649262,1.1126702828663158,0.24088616765834203,0.0014983306458981969,0.0025257881831000505,0.006117342784248191,0.7617366264782052
CatBoost,516,externa_platt,platt,1.0304618371792842,1.118566354068897,0.3912372134679938,0.0011488952376809292,0.00189584280432591,0.006119281905574802,0.7617366264782052
CatBoost,516,continuacao,raw,0.9164762607782978,0.800691820549901,0.6752043419000877,0.002031054306184519,0.001580459594084068,0.006146297434758405,0.7636141968661375
CatBoost,516,continuacao,platt,1.0637795848644591,1.0670367590988585,0.4680052837917641,0.0014117979036004718,0.002265815956588789,0.0060700953873404845,0.7636141968661375
CatBoost,529,local,raw,0.3341554492677833,1.2104011916576767,-1.0462464217081768,0.011311665991658693,0.012647868130883689,0.005783132540637786,0.697103455238548
CatBoost,529,local,platt,1.1532919671284811,0.9413867576413857,0.2569032323679137,0.002410813000346568,0.004555744137375141,0.005633406482556313,0.697103455238548
CatBoost,529,agrupado,raw,0.7622224447545598,1.0157764457615415,-0.13728619057441716,0.002964542968186374,0.004252079219953057,0.005648215108692581,0.6968514649631745
CatBoost,529,agrupado,platt,1.1464104128161203,0.9406697506584973,0.2918977299847274,0.002296182520708368,0.004486508221793202,0.005639205857600258,0.6968514649631745
CatBoost,529,externa_platt,raw,0.9785516176715436,0.9667160858659386,0.2389552421015786,0.0017279753318156785,0.00323607613864183,0.005625441200029073,0.6936490715847787
CatBoost,529,externa_platt,platt,1.150442689333542,0.9393703832977798,0.40041631428554325,0.0017625321393342146,0.0037156215121433986,0.0056249243723958415,0.6936490715847787
CatBoost,529,continuacao,raw,0.9573325847366649,0.9705678360461794,0.2220956833903296,0.0016769831707582176,0.0030378271086149477,0.005626660094907414,0.695291567811031
CatBoost,529,continuacao,platt,1.1460134956073833,0.9395395688842269,0.40397611546640366,0.0017262205007124067,0.0034667532753535095,0.005625371347446677,0.695291567811031
CatBoost,551,local,raw,0.567219310540265,1.3762179729892798,-0.4343835811113905,0.0044596747540084644,0.0052290459979404,0.005179152997662861,0.7739681174272905
CatBoost,551,local,platt,0.945440241901149,0.9781546572260371,0.2236717321259949,0.002163451409623694,0.0026905496685524495,0.005183150608634589,0.7739681174272905
CatBoost,551,agrupado,raw,0.9402067557600383,0.9777056106434613,0.3255108578080046,0.0014961342868533044,0.0020111823925065267,0.005172115133909817,0.7787215127371706
CatBoost,551,agrupado,platt,0.949171037447874,0.9778382583821376,0.3044229281680719,0.0015123680516270122,0.0021011442183765045,0.005166901437418136,0.7787215127371706
CatBoost,551,externa_platt,raw,0.8801087862619937,0.992529589492457,0.21443705208557073,0.0013248185990489105,0.0015866440157677236,0.0051718637705217676,0.7668603098839605
CatBoost,551,externa_platt,platt,0.9469711219417174,1.0872515235456486,0.27223596397373395,0.0012880451133084434,0.0021830938005175955,0.005169704107764992,0.7668603098839605
CatBoost,551,continuacao,raw,0.8706822720355397,0.9247100710866347,0.3020197650882235,0.0017799035300071122,0.002249053184201542,0.005198672971259628,0.7783244803595694
CatBoost,551,continuacao,platt,0.9347726151611989,0.9800534260049586,0.2796334696406655,0.0017546386894323523,0.003264738777202302,0.005166851666821558,0.7783244803595694
CatBoost,564,local,raw,0.5324575293243459,1.3716803887505749,-0.4372866794450374,0.006257865741308897,0.008306019846876293,0.006609487356903863,0.7696657516854039
CatBoost,564,local,platt,0.7862783020172134,0.9626254322363968,0.23381371770126336,0.0025300003822226426,0.0028492635684716577,0.006603827847151918,0.7696657516854039
CatBoost,564,agrupado,raw,0.8904909576232405,2.089316994745701,-0.04661256419149673,0.004206546040670612,0.004855108191661268,0.006648849155343588,0.764188878880753
CatBoost,564,agrupado,platt,0.7968303906897257,0.9604661847824998,0.20154495782171544,0.0025258065612752015,0.0045466839631776714,0.006656736725790624,0.764188878880753
CatBoost,564,externa_platt,raw,1.0113817267382865,0.8591720701519685,0.33538969377278427,0.0021038914433751527,0.006032178741346116,0.00668651999779693,0.705061466936411
CatBoost,564,externa_platt,platt,0.858721485071265,1.2248645160458058,-4.5563701166706494e-05,0.002271525919269936,0.004975191693273454,0.006686014560704808,0.705061466936411
CatBoost,564,continuacao,raw,0.6722389757288028,0.7737748266301357,0.3205831078860575,0.003965061387446426,0.006417860357555762,0.007092140640579431,0.7787729027455194
CatBoost,564,continuacao,platt,0.8004329744887902,0.9516560258418831,0.23691174858766395,0.0024145490183364437,0.003146849721056092,0.006756203090548766,0.7787729027455194
CatBoost,566,local,raw,0.4457349802308568,1.1473441495617358,-0.6525665147919311,0.009007889041324033,0.016186387603331267,0.006952621380964898,0.7141801295298178
CatBoost,566,local,platt,0.8511414397310074,0.8701499123152263,0.20152769140034277,0.002370386419498695,0.004058448987018888,0.006887733316356954,0.7141801295298178
CatBoost,566,agrupado,raw,0.8020567179252017,1.0085743098650999,0.03568825764427075,0.0022636323799419826,0.0037259020925053247,0.006846523518986255,0.719428871255247
CatBoost,566,agrupado,platt,0.8634470695924567,0.8997253126181392,0.23743019190924386,0.0021030383710785045,0.0032805918691427753,0.006859205500651271,0.719428871255247
CatBoost,566,externa_platt,raw,0.9530969211233487,0.9678187362353867,0.3064753034443308,0.0014790073432567976,0.0025563697539150785,0.006863550403858314,0.7148728259632299
CatBoost,566,externa_platt,platt,0.8531586006273529,0.8900207437146364,0.23089833858942566,0.001972442429923913,0.0035493231507476696,0.006873504363694208,0.7148728259632299
CatBoost,566,continuacao,raw,0.6930736408720132,0.8768353619430161,0.06763548424307064,0.0035393601231254175,0.007428993677549161,0.0069192937668501086,0.7276951543080575
CatBoost,566,continuacao,platt,0.8489993739526794,0.8723211133851047,0.283057530732151,0.002177431513397838,0.003400444501807763,0.006874472620763836,0.7276951543080575
CatBoost,732,local,raw,0.29572222234706347,1.2302732245927708,-1.1973988733924275,0.011810360494903261,0.013332221515121914,0.005052363855335468,0.5851694702757797
CatBoost,732,local,platt,0.9011644032302679,0.9833946133279554,-0.04963777491996968,0.0012662727206518391,0.0023381985990064483,0.00489809103352137,0.5851694702757797
CatBoost,732,agrupado,raw,0.8316703604361559,0.7115014899059307,0.16762572165876843,0.0018412490779689706,0.0032115927941742395,0.004918169519854236,0.659091590889479
CatBoost,732,agrupado,platt,1.0448301262636788,0.9616945983340167,0.1353060128669208,0.0011041015290138637,0.002006035832510818,0.004888555704343188,0.659091590889479
CatBoost,732,externa_platt,raw,0.8576779008731228,0.6666915548890675,0.1594962659010335,0.0017091562219020899,0.0024809444411879496,0.004912428099023514,0.6454823061565549
CatBoost,732,externa_platt,platt,0.9843999353354123,0.9702111358754129,0.0696561442469692,0.001113123396587072,0.002238119029927821,0.004891662264579068,0.6454823061565549
CatBoost,732,continuacao,raw,0.7257653656523899,0.6813103299677595,0.00028375162699312284,0.0025203884406130505,0.004091507169817175,0.004934997321848387,0.6402020062374711
CatBoost,732,continuacao,platt,0.9772651889999214,0.9714413768843034,0.07731310441838879,0.001139677382985285,0.0022217446539018835,0.004887897269662914,0.6402020062374711
CatBoost,733,local,raw,1.1069480289895686,0.7943527685341986,0.44558346041975216,0.0021382972302054744,0.005430801110501968,0.005555829893151978,0.7408643585582434
CatBoost,733,local,platt,1.0863477644019326,1.5609136056633894,0.15252140349120857,0.0026819467850480072,0.005584815850949231,0.00543110993680754,0.7408643585582434
CatBoost,733,agrupado,raw,1.0094635801231628,0.9607315135453681,0.2778800784816582,0.002038344879928564,0.0030415552175733136,0.005470179168263348,0.7514186775222254
CatBoost,733,agrupado,platt,1.104665647336572,1.5523355560634586,0.18162624990268572,0.0024682460122752384,0.003963696674695138,0.0054248733340718155,0.7514186775222254
CatBoost,733,externa_platt,raw,0.9818407475542248,0.9635066604033397,0.3320905107439156,0.0018712323538340341,0.0026157855156477834,0.005457398091336272,0.7549297844879816
CatBoost,733,externa_platt,platt,1.126431882048951,1.6330772354065775,0.21212417795996075,0.0024278691237643747,0.0031548725303797193,0.005423820616395851,0.7549297844879816
CatBoost,733,continuacao,raw,1.1386730303529762,0.9354872356373249,0.5144655492615628,0.0020042463509526917,0.002894404162137004,0.005467464574870474,0.7545961872952209
CatBoost,733,continuacao,platt,1.1207293212776315,1.4933025846491539,0.2278438355497281,0.002255479408916456,0.0026367148842485325,0.005422660318633181,0.7545961872952209
CatBoost,774,local,raw,1.1554934701257211,0.2592220369052132,1.0714171144844116,0.0036795597461550655,0.004505299089297994,0.004979976939317421,0.5870838829352336
CatBoost,774,local,platt,1.120990329734682,0.9471804340877187,0.16818294261768152,0.0015891308427512956,0.0033985429021118865,0.004863566008364271,0.5870838829352336
CatBoost,774,agrupado,raw,0.7320069210960038,1.5634757748101142,-0.23455031136973048,0.0026132859289357824,0.0038986798164694896,0.004843832003219335,0.7186302332961445
CatBoost,774,agrupado,platt,1.146911056745617,1.4864225186180373,0.22748989682125487,0.0017946991560349207,0.0026960530332773526,0.004845994809672804,0.7186302332961445
CatBoost,774,externa_platt,raw,0.8671198910113599,0.9919540638944703,0.15126856771658304,0.001376514535806598,0.0022107683208880398,0.004849720634153209,0.7265766731907846
CatBoost,774,externa_platt,platt,1.1689907521390916,1.2877860431698305,0.32032463089182883,0.0015786209145189965,0.003125348215100736,0.004845457869598952,0.7265766731907846
CatBoost,774,continuacao,raw,0.9359153565614701,0.9775886798460084,0.2077736996265349,0.0013686304298241058,0.002490023151040077,0.004848348205997037,0.7086516348964138
CatBoost,774,continuacao,platt,1.1859904843171316,1.1759982744745,0.35444496137935033,0.0013959551545584298,0.0026799035987561622,0.004845713975825469,0.7086516348964138
Floresta,022,local,raw,0.907821808548519,0.6434613271682954,0.8603655310199834,0.002261081127837001,0.002355345367912174,0.0048846517516842256,0.7367344781682134
Floresta,022,local,platt,0.7006809437052809,0.8781615172479852,0.15651809946607198,0.0026564817736220445,0.004616135409135601,0.004877296461943504,0.7367344781682134
Floresta,022,agrupado,raw,0.8409947215913723,0.9985708337740353,0.1147154993980335,0.0015419528418548602,0.002276778377245811,0.004859971378867272,0.726083910889932
Floresta,022,agrupado,platt,0.6730404180912752,0.8233517903863121,0.06854956288611547,0.0028608005190342086,0.002759936336839121,0.00490710035733566,0.726083910889932
Floresta,022,externa_platt,raw,0.5478749297536945,1.0843321683705858,-0.33826105851865407,0.0042147551617389605,0.00939533497579703,0.004895842921095768,0.674250330640368
Floresta,022,externa_platt,platt,0.73931671813169,1.0206925494627643,-0.01963829643498549,0.0022718452361406983,0.005475468067927946,0.0048707323258025195,0.674250330640368
Floresta,076,local,raw,0.3468866136324169,0.6308417406289214,0.11527935604016104,0.011279998491370192,0.01171898208489009,0.007926461507514042,0.7922473748549702
Floresta,076,local,platt,1.161980224224793,1.111466339337465,0.4992357951538633,0.002200147862039107,0.006531423054083469,0.005705250791428664,0.7922473748549702
Floresta,076,agrupado,raw,0.4426845015800324,0.6199130009878484,0.10371410059069497,0.007379246834947036,0.005162529092903666,0.006793575989380997,0.7800962121190701
Floresta,076,agrupado,platt,1.1605004418206104,1.1754066652731574,0.3771889624353939,0.0023673987949718546,0.006904205067198433,0.005742599040006248,0.7800962121190701
Floresta,076,externa_platt,raw,0.5244183400976089,0.8946112075563494,-0.2396253621661666,0.005469465260970722,0.018947340747821846,0.005811056350253404,0.7417156068536055
Floresta,076,externa_platt,platt,1.107983052090355,1.1392743226813438,0.35835958288179626,0.0014399948912705352,0.0037887289150223533,0.005741589576069228,0.7417156068536055
Floresta,079,local,raw,0.9534541622723693,0.9737117588592996,0.406877306052289,0.0010217776343754458,0.0012197471968014423,0.005139510198885567,0.7682935514873586
Floresta,079,local,platt,0.9920763504585948,0.9678091284847073,0.41809158683472347,0.0010007248078248096,0.001424835706124048,0.005138252493734032,0.7682935514873586
Floresta,079,agrupado,raw,1.023252911416723,1.3556835376001501,0.2320328102030036,0.0014512615317487387,0.0023302169857108714,0.0051539132214899735,0.7614885202349513
Floresta,079,agrupado,platt,1.0283524209841564,1.0570127119841446,0.40114850821480275,0.0009843688130989137,0.0015270898187206383,0.005144131499768779,0.7614885202349513
Floresta,079,externa_platt,raw,0.6867014024525555,1.0367927652924134,-0.17919982973954518,0.0024662047244272565,0.005725786218365136,0.005200013385262877,0.6894629979820881
Floresta,079,externa_platt,platt,1.1135133108385962,0.94634546715268,0.33650369372992106,0.001077574069644203,0.0027186466878802358,0.005190865603777238,0.6894629979820881
Floresta,151,local,raw,0.9909522052478564,0.9593799002807027,0.6656791495873664,0.001642960826372293,0.001968580534962914,0.006032146836063595,0.7937245037962671
Floresta,151,local,platt,1.152017744355228,0.9319165095004524,0.812956368399715,0.0017677345919352282,0.0027890355142589853,0.006027175189555588,0.7937245037962671
Floresta,151,agrupado,raw,0.9535819030338503,1.0775186055364139,0.3204417078832744,0.002248932646173312,0.005088994045098629,0.0060351107074248156,0.798130201913873
Floresta,151,agrupado,platt,1.1364615417491857,0.931014632575737,0.7086592958541011,0.0023544772927156076,0.00705015555730044,0.00604986547083987,0.798130201913873
Floresta,151,externa_platt,raw,0.8088458268358435,1.0058577276591438,0.1312306187527401,0.0029739351607224363,0.004107046697524467,0.0060598962068293535,0.7864614641944966
Floresta,151,externa_platt,platt,1.1023507892060307,0.8652851268317976,0.6074909263935,0.002518834716241205,0.006507254308286044,0.006060775436585985,0.7864614641944966
Floresta,215,local,raw,0.8208110861377056,0.7120157218043237,0.45637848874633136,0.002364642458204863,0.002780993119286736,0.006154079344082379,0.7556279015044269
Floresta,215,local,platt,0.8728714639367081,0.9012526351786228,0.24952137075420566,0.0015863522521453732,0.001905083887245346,0.005936696889941479,0.7556279015044269
Floresta,215,agrupado,raw,1.0327824359248292,0.9523789823294249,0.4235003221089588,0.0014928025905466878,0.0021308049150822665,0.005918678787221268,0.7509364347677665
Floresta,215,agrupado,platt,0.8635234221626061,0.8625357851138622,0.2665844239390207,0.001771522721481294,0.003212811882862294,0.005952581116492169,0.7509364347677665
Floresta,215,externa_platt,raw,0.7240646624498923,1.025540371019229,-0.13084264373995058,0.0025809402598939526,0.0074745209856318835,0.005895135763606383,0.6705340839859748
Floresta,215,externa_platt,platt,0.9113180279527897,0.7657319677590163,0.24995562561346674,0.0021142808637876305,0.005828420455075693,0.0058942487055587064,0.6705340839859748
Floresta,385,local,raw,0.7756833356478482,1.1897002561970897,0.04472883436650843,0.0033940050177236744,0.003922745293087285,0.009775270982513039,0.7811309027403784
Floresta,385,local,platt,0.9870563727648829,1.0224665379279672,0.4140509899088851,0.00195228338249567,0.002512596571089133,0.009771696495053274,0.7811309027403784
Floresta,385,agrupado,raw,0.8932584515492801,1.0831727608597974,0.2685705989578988,0.0021155106288072998,0.003175515529389183,0.009781323377353716,0.7802756327183484
Floresta,385,agrupado,platt,0.9775696142547406,1.03428778076204,0.4014321140662691,0.0018721130316992837,0.0032349724965035024,0.009781633085624998,0.7802756327183484
Floresta,385,externa_platt,raw,1.2832595867384553,1.0945308506211051,0.4955089141447022,0.002817446125220212,0.007681174315944099,0.009857615268473544,0.7392550310770636
Floresta,385,externa_platt,platt,0.9850210953520943,0.9590982454824027,0.2856465815496323,0.001897280959443384,0.0030139776963362666,0.009849956000461117,0.7392550310770636
Floresta,515,local,raw,0.7615530870852006,1.2223312014624472,0.09042173036684709,0.0033341740684814805,0.006890422932764623,0.008062374771395235,0.7986850197496074
Floresta,515,local,platt,0.9472972814950099,1.0460408168983604,0.46927298077516166,0.001930006304687882,0.003583167664979764,0.008049496391305914,0.7986850197496074
Floresta,515,agrupado,raw,0.9662710379047813,1.232825614287268,0.31817502664742214,0.002099330671411352,0.0023896927228538776,0.008066243589648357,0.8012599964856588
Floresta,515,agrupado,platt,1.0092921346494805,1.0212677434571367,0.5537969601263786,0.0017287709244549157,0.0024662256860101097,0.008049041952770727,0.8012599964856588
Floresta,515,externa_platt,raw,0.9865698843251378,1.3282262900031088,0.22582580459170654,0.0020191508485789206,0.006040833632983463,0.008157717645599315,0.7484387374440675
Floresta,515,externa_platt,platt,0.9060992563479041,1.0332656259222313,0.315233863567264,0.0019679072302932594,0.005486912923957666,0.008117956423973283,0.7484387374440675
Floresta,516,local,raw,0.8344777382584744,0.8853775152474233,0.45130271217466955,0.0019616648363462437,0.0025900750085711493,0.006114520823248266,0.7681155685706695
Floresta,516,local,platt,1.0615534070634118,1.073447570611161,0.47930511239555074,0.0011559092563030889,0.0017310811774923077,0.006096639129687017,0.7681155685706695
Floresta,516,agrupado,raw,0.9133294227249896,0.9623828705017018,0.46338968719061935,0.0018305971687593548,0.0025120111671806896,0.006063483571020532,0.7732629512780294
Floresta,516,agrupado,platt,1.0886826539768861,1.1224133756970036,0.45645891784057113,0.0015324153179778104,0.0033405107081973862,0.006070723458223514,0.7732629512780294
Floresta,516,externa_platt,raw,0.7250623156524649,1.3862415438463322,-0.1277736980360169,0.0030892008022772852,0.007670176510899505,0.006124661253552251,0.7141114434725389
Floresta,516,externa_platt,platt,1.0718205286710532,1.3236166424774345,0.28532104538570024,0.0016846554465575906,0.00446570582145568,0.006131015921516679,0.7141114434725389
Floresta,529,local,raw,0.613700601170836,0.7510983349744281,-0.06895343440230484,0.004042702320822457,0.0037048494105543063,0.0057961027369064395,0.7062437816616214
Floresta,529,local,platt,1.1465004566574035,0.9399066549988132,0.37144039511262594,0.0021605533348508467,0.004468553852042095,0.005631222096904717,0.7062437816616214
Floresta,529,agrupado,raw,0.7828456039047965,0.8898304444157654,-0.005591835036669934,0.0026098481518612897,0.003085129239992139,0.005668839903722264,0.7132732111947189
Floresta,529,agrupado,platt,1.0869805093604024,0.9436036417047762,0.3488788306689443,0.0021417646617982403,0.003567586526826281,0.005647338897280581,0.7132732111947189
Floresta,529,externa_platt,raw,0.608400161456329,1.0595801427199794,-0.30793458034175725,0.0039977483152754244,0.010332613318774834,0.005650385835027215,0.6363843832792443
Floresta,529,externa_platt,platt,1.1456435581132536,0.9376509258577304,0.3695962165147213,0.00231191953920521,0.004148144640284291,0.00563274120600892,0.6363843832792443
Floresta,551,local,raw,0.8612752122003754,0.9263110288673164,0.28122556953721656,0.0018350848943470372,0.0029179569475740546,0.0052010739698684924,0.7761439473099963
Floresta,551,local,platt,0.9520278194274868,0.9769404460852485,0.2823906972558854,0.00178912728979897,0.004417357037173958,0.005171600939884215,0.7761439473099963
Floresta,551,agrupado,raw,0.8324161091274581,1.1942049835836692,0.024051088156948452,0.002181545046403354,0.002728220205142392,0.005164596802329941,0.774195646061096
Floresta,551,agrupado,platt,0.9508092437542324,0.9742434485367376,0.2814359706711045,0.0018621078385552357,0.0028922307485070614,0.005175076241022563,0.774195646061096
Floresta,551,externa_platt,raw,0.6511246417334439,1.2284603143934267,-0.23003019512361966,0.002969438538580605,0.00639965237756497,0.0051845200273291205,0.7207625418080199
Floresta,551,externa_platt,platt,0.9614985965081105,1.1789759286808168,0.18281363557120844,0.0012894652296368168,0.003373513984940531,0.005177930231454222,0.7207625418080199
Floresta,564,local,raw,0.7170296376683452,0.9357853229078742,0.3699145258931482,0.003490668856528078,0.011321767276003841,0.0066061934053454445,0.7719341531711116
Floresta,564,local,platt,0.8020794409978381,0.951159108141213,0.46239454622117293,0.00259206463450347,0.008602530570229987,0.006594377188847578,0.7719341531711116
Floresta,564,agrupado,raw,0.9741008347324308,1.4476489946634126,0.15483621444719287,0.0026288783836987723,0.0035931470496156017,0.006624423055105767,0.7733574376692309
Floresta,564,agrupado,platt,0.8107512639338188,1.0030994943623077,0.23215252370594808,0.0020444350514452394,0.0027734738299140657,0.006641190644098941,0.7733574376692309
Floresta,564,externa_platt,raw,0.7559389355360051,1.0188897779291075,-0.1138306639981943,0.0028444186229218465,0.005059426808276534,0.006684440931136978,0.6779448039474867
Floresta,564,externa_platt,platt,0.8945102331290685,1.8738338260797534,-0.049717370092322355,0.002445865452811657,0.003872454486088462,0.0066943741721506725,0.6779448039474867
Floresta,566,local,raw,0.7170782108163006,1.2211192920439264,-0.04028529036104622,0.003050155364835703,0.006304291457146288,0.006855394023635694,0.7489786823820437
Floresta,566,local,platt,0.9377083722724426,0.9751010305771353,0.3831091045392325,0.0014643332445212261,0.0029877428907894668,0.006843178521014725,0.7489786823820437
Floresta,566,agrupado,raw,0.8785279243479002,0.8707377585869103,0.4008736917729294,0.002206969090476188,0.0026252595759366573,0.006852466546166342,0.7408943782791709
Floresta,566,agrupado,platt,0.9545028301786285,0.9711676101946956,0.3479718203196356,0.0015240643769884883,0.002418504057740362,0.006844145158498894,0.7408943782791709
Floresta,566,externa_platt,raw,0.7801353112361048,1.2065045449909675,-0.04212024928358016,0.002403813437235813,0.005578997987894281,0.006871787626389225,0.7044059999366316
Floresta,566,externa_platt,platt,0.9225034293611715,0.9777374005085697,0.22519196687709542,0.0017451912392773689,0.003791146591435512,0.006860688028748922,0.7044059999366316
Floresta,732,local,raw,0.5821889886040762,0.3790870094482398,0.17985050792219948,0.00493023789505219,0.012961174902461823,0.004969234995916385,0.6350861142397861
Floresta,732,local,platt,0.9910116358764889,0.9669764581647333,0.11585728553979813,0.0015675944295875893,0.00256096792096893,0.004892951254410611,0.6350861142397862
Floresta,732,agrupado,raw,0.7572604954139054,0.7850872510053937,-0.02442958149314478,0.0020629938714693385,0.004003478684240863,0.004895650632122075,0.6465466656004322
Floresta,732,agrupado,platt,1.0335399427642469,0.9623907611865673,0.14114730569691059,0.0009513919770913274,0.0020777087569946334,0.004887840247953278,0.6465466656004322
Floresta,732,externa_platt,raw,0.6356156348840184,0.6137599824293023,-0.2543377258013626,0.0030942604855851118,0.009288012537927855,0.0049173330582023,0.6029120849084009
Floresta,732,externa_platt,platt,1.0124368636309224,0.9641882450696351,0.07699948426261205,0.0009831958593987736,0.002025523834994861,0.004895684160646863,0.6029120849084009
Floresta,733,local,raw,1.0549743159772136,0.9532117184245056,0.36820703026769586,0.0017117358803438432,0.0038563713528704073,0.005421929322858654,0.7346409780550669
Floresta,733,local,platt,1.0879032500773638,1.2347010465380053,0.25288842094728725,0.0016445963322613065,0.0034745939285893944,0.005422114988935582,0.7346409780550669
Floresta,733,agrupado,raw,1.0401426056220526,0.6539347623445272,0.8681012899652236,0.002279600257121488,0.00406045121908647,0.0054265051693878925,0.7173384664421246
Floresta,733,agrupado,platt,1.0697478930291526,1.2647270986763395,0.3029411574811336,0.001330566343373789,0.002659911098098165,0.00542271622337296,0.7173384664421246
Floresta,733,externa_platt,raw,0.7403650635759623,1.0228695372256613,-0.09524756891073682,0.0023519167062096414,0.00350109850987792,0.00543291110041439,0.7133050936077769
Floresta,733,externa_platt,platt,1.1091887761049175,1.388135388087737,0.21564821176243676,0.0017602815449751735,0.0031871873282430796,0.005427663998657084,0.7133050936077769
Floresta,774,local,raw,0.8056312994390725,1.0039049852148205,0.17358006378514812,0.001774390216430544,0.003964888194875038,0.0048451606114187475,0.7038953893051609
Floresta,774,local,platt,1.1363077531640184,1.8783892757247853,0.2286498127145471,0.0016408269087652416,0.0025273900748043246,0.004854939804606582,0.7038953893051609
Floresta,774,agrupado,raw,0.7812400497411787,1.0152451226307064,-0.08660484302549598,0.0018646531387314948,0.0030161727488784975,0.0048480005160776475,0.7165741134144552
Floresta,774,agrupado,platt,1.1546025962081004,1.4287829390426174,0.24468481235463457,0.0017749251305237718,0.004613999216396276,0.004848989672264959,0.7165741134144552
Floresta,774,externa_platt,raw,0.6231382428702625,1.0572532774354964,-0.27534952548378744,0.0029795211352440535,0.006141017283364508,0.004864972391399494,0.6851341866310714
Floresta,774,externa_platt,platt,1.1502652577493873,0.9415228498521235,0.3843309899540115,0.001365214700991004,0.002562546024197027,0.0048508845305273215,0.6851341866310714
