algoritmo,unidade,mecanismo,IDADE,HORAS_PS,HORA_CHEGADA,N_PS_30D,N_PS_90D,DIAS_ULT_PS,N_INT_365D,CD_SEXO,CD_CLINICA,CD_MOTIVO_ATENDIMENTO,CD_PROCEDENCIA,DIA_SEMANA
XGBoost,022,origem,0.16286692023277283,0.36256587505340576,0.040553633123636246,0.04696604236960411,0.015709886327385902,0.1480366289615631,0.10877325385808945,0.023707445710897446,0.04479275271296501,0.0,0.012812906876206398,0.03321458399295807
XGBoost,022,continuacao,0.08794296532869339,0.40376555919647217,0.09330431371927261,0.03442416712641716,0.035453129559755325,0.094779834151268,0.04682512953877449,0.0069020334631204605,0.11954087764024734,0.0,0.0068871621042490005,0.07017472386360168
LightGBM,022,origem,0.19404560639015783,0.3081279873707421,0.07706534553593557,0.0652924100129448,0.023139609801202235,0.13820911211962567,0.07968034293509288,0.02543479026254844,0.01511118961352125,0.0,0.020852462133380236,0.053041143824848945
LightGBM,022,continuacao,0.10079488463639555,0.3435818294672548,0.0896658617311756,0.05578795152899034,0.024814302609669235,0.11217984279921113,0.04801520657514454,0.023745941236775463,0.13729289840567804,0.0,0.01857891719500267,0.045542363814702544
CatBoost,022,origem,0.10120533664850502,0.3867820627467348,0.025684694999969043,0.11452889680478937,0.026571638477156538,0.0693877053149909,0.07186790561132124,0.03455133502504513,0.1332143347939228,0.00010218808874619323,0.00885321696578288,0.027250684523035987
CatBoost,022,continuacao,0.07906595582546964,0.37469127905086896,0.05745269774630675,0.0661625224831027,0.04379497090789655,0.11048501282429646,0.038014481429361646,0.02662379769328131,0.14977761926141592,8.593026112742426e-05,0.007805023732397565,0.046040708784474964
Floresta,022,origem,0.18304642976463312,0.31651829202065823,0.027932542320489785,0.10697468303137424,0.045516197653958625,0.09221273008724447,0.10809585839486782,0.018880473653051875,0.0727146979769314,0.0,0.011014202602917111,0.01709389249387342
XGBoost,076,origem,0.15327462553977966,0.32326430082321167,0.04769262298941612,0.09676479548215866,0.01293550617992878,0.1512453705072403,0.10805923491716385,0.02553408406674862,0.031916793435811996,0.0,0.014873428270220757,0.03443928807973862
XGBoost,076,continuacao,0.17094649374485016,0.33512765169143677,0.060052771121263504,0.04575979337096214,0.04577094689011574,0.07964592427015305,0.1358911097049713,0.024228181689977646,0.018447672948241234,0.0,0.015544790774583817,0.06858465820550919
LightGBM,076,origem,0.16113439283364928,0.2627336204713629,0.08612455428401185,0.11808424795051385,0.027745988042870227,0.13937799753802155,0.08603630616593043,0.025167310457693944,0.011282122825957398,0.0,0.027396826764976585,0.05491663266501206
LightGBM,076,continuacao,0.1802484360812587,0.25730515321481356,0.08400188095780822,0.08234885012042287,0.08767682942285715,0.06885358711651243,0.09738062874027414,0.026560458676738855,0.008774178209605944,0.0,0.022074907423689102,0.0847750900360189
CatBoost,076,origem,0.14057690670703846,0.2946337071223082,0.0334881376730953,0.17743692445515624,0.07639304054774751,0.058302138719946356,0.07965241874357092,0.03064572886562893,0.06823126771841641,9.5961757635805e-05,0.011568132599025177,0.02897563509043075
CatBoost,076,continuacao,0.16100697590903998,0.2851555844114287,0.06545084132360636,0.06764626152095639,0.05338734430780506,0.06530024170248244,0.09092246085665656,0.042044253606530406,0.04397242034458832,6.182457766097641e-05,0.03270704458451685,0.09234474685472803
Floresta,076,origem,0.14521910752404896,0.2475098255103056,0.03133961013615284,0.2014681529353027,0.1106096792648975,0.06267474638225085,0.11076823670537118,0.01764922605758185,0.047099244579393795,0.0,0.009548539725475378,0.016113631179219344
XGBoost,079,origem,0.17587773501873016,0.3508130609989166,0.045834366232156754,0.05001625046133995,0.012796520255506039,0.13249553740024567,0.10403312742710114,0.02831435017287731,0.04348868131637573,0.0,0.016875362023711205,0.03945503383874893
XGBoost,079,continuacao,0.1742589771747589,0.299834668636322,0.0827287882566452,0.010014704428613186,0.03429903835058212,0.11150678247213364,0.08422830700874329,0.0211250651627779,0.03027796745300293,0.0,0.0805613175034523,0.07116435468196869
LightGBM,079,origem,0.20739544044424407,0.2836759887225283,0.08285877273919037,0.06860531378342892,0.021790510674680203,0.1200747937920533,0.07568009881245652,0.02881993550448829,0.014516448754080109,0.0,0.03162046544185291,0.06496223133099703
LightGBM,079,continuacao,0.21194857004245785,0.2793713410320572,0.09246369340236968,0.04745728391778214,0.040638714979851845,0.11324900135679077,0.0638771445666035,0.012384754118460605,0.020631854507699523,0.0,0.06523491376474896,0.05274272831117784
CatBoost,079,origem,0.1321835252026717,0.3421882871457918,0.03195651286406723,0.12108949796347765,0.026232493327363864,0.0725339551563772,0.07536060161769194,0.03925676128644834,0.11468427044844647,0.00011591766941346595,0.013373174737115523,0.031025002581134758
CatBoost,079,continuacao,0.22774803138754607,0.3474471698467679,0.0741005560811564,0.07681808461846135,0.01654285748150279,0.040990736022066716,0.07109664264518553,0.020787017272492637,0.035075042479713756,8.89051205418036e-05,0.06342071802799844,0.025884239016566637
Floresta,079,origem,0.20509678464268583,0.30350880030429345,0.03400735980263484,0.10998803021928703,0.044127782403561445,0.08265531408582134,0.09584999635152794,0.021071894032362752,0.0733935114469074,0.0,0.011871575664186384,0.01842895104673155
XGBoost,151,origem,0.16426348686218262,0.35117366909980774,0.041704148054122925,0.05100511014461517,0.007103662937879562,0.12617014348506927,0.12410352379083633,0.030978277325630188,0.04206429421901703,0.0,0.017260367050766945,0.044173289090394974
XGBoost,151,continuacao,0.16430231928825378,0.3707785904407501,0.053999513387680054,0.04817056283354759,0.008245895616710186,0.11031163483858109,0.10642492771148682,0.018983392044901848,0.07386527955532074,0.0,0.015226775780320168,0.029691075906157494
LightGBM,151,origem,0.17544563791544196,0.2923310233485632,0.08363972387294487,0.06483756204481053,0.020247046169136244,0.1133792098251515,0.09017664427754671,0.031364201351147744,0.016781211936432654,0.0,0.034887214267348865,0.07691052499147578
LightGBM,151,continuacao,0.17162799496890216,0.3103115628213124,0.08073052749670871,0.060240934540490024,0.020445634219871788,0.10543881042699853,0.08645060699919545,0.027762469507284143,0.03807341084177125,0.0,0.03213745831460099,0.06678058986286467
CatBoost,151,origem,0.15264382520429573,0.32830891534429407,0.033561673811844245,0.12387267797309341,0.028874609267911456,0.054190775852140764,0.09681369637824402,0.036730133835372616,0.09980597504215806,0.00011631983540905035,0.014663876534581276,0.03041752092065537
CatBoost,151,continuacao,0.14942175768318527,0.33834685240202617,0.028948596479248894,0.11692111561291303,0.02567324453904392,0.05760134793522318,0.09320761614965217,0.03429072068706057,0.10982326389679041,0.00011269350318711036,0.014206722449133144,0.031446068662536096
Floresta,151,origem,0.15094512922093,0.27641526109147835,0.032306202348104544,0.13143012158153075,0.058823052949555164,0.06880136753908737,0.1679208252734945,0.02171648583486954,0.06654899226325586,0.0,0.010720548236328764,0.014372013661365222
XGBoost,215,origem,0.19133685529232025,0.3421076536178589,0.04529939964413643,0.03540704399347305,0.012180844321846962,0.12789028882980347,0.11223137378692627,0.02938203327357769,0.04877493530511856,0.0,0.015610972419381142,0.0397786907851696
XGBoost,215,continuacao,0.13881535828113556,0.48949316143989563,0.05678804963827133,0.020461000502109528,0.01634107157588005,0.09881780296564102,0.0742170661687851,0.026180455461144447,0.04585820809006691,0.0,0.008710214868187904,0.02431761659681797
LightGBM,215,origem,0.22702890427356362,0.2923499120895871,0.08282287543585284,0.04793657737456206,0.018138251428950355,0.11375507797440322,0.08055739574347778,0.02963287227752966,0.016957404168947147,0.0,0.02670858553407972,0.06411214369904644
LightGBM,215,continuacao,0.17108163496018083,0.3778036959627733,0.0777259757862648,0.0401531022547179,0.021834404117039904,0.0864723305433424,0.06872551936615015,0.027812834609800368,0.06731636647479516,0.0,0.022732849298497906,0.03834128662643742
CatBoost,215,origem,0.11827092505145342,0.34448495709576094,0.03197182181337621,0.10047976776619853,0.015401513981383529,0.07696552582593706,0.08321555959484261,0.038370459960272614,0.1481721154900666,0.00011667461501001839,0.012681971293720127,0.02986870751197839
CatBoost,215,continuacao,0.11466828767663008,0.4119471792636621,0.05971001960325597,0.10489591849327931,0.027642311878471562,0.05724065497122691,0.0789873785980378,0.04024955097491807,0.060720988667795156,0.00010746963705860557,0.012785813721281849,0.031044426514382422
Floresta,215,origem,0.23526736907551507,0.2803934914931865,0.03314669997942372,0.0811728992290409,0.029150376299738594,0.09315604331557858,0.11206065946481118,0.023024645866422423,0.08234905972944369,0.0,0.011806780314809149,0.018471975232030303
XGBoost,385,origem,0.1900511234998703,0.3319252133369446,0.05308203026652336,0.05057245120406151,0.009147549979388714,0.14183734357357025,0.10789189487695694,0.026847563683986664,0.03603830933570862,0.0,0.014735770411789417,0.037870854139328
XGBoost,385,continuacao,0.20424434542655945,0.397998183965683,0.06598810851573944,0.021987127140164375,0.03364105150103569,0.0992099717259407,0.07252754271030426,0.027407798916101456,0.021223116666078568,0.0,0.021931448951363564,0.03384130448102951
LightGBM,385,origem,0.20084266027632214,0.2668214403119271,0.10640998811341744,0.0708355288696192,0.019634448060585098,0.12597048723915008,0.08286483577405562,0.024844826409781525,0.01328108879081195,0.0,0.028796542680451634,0.05969815347387821
LightGBM,385,continuacao,0.19702534996526377,0.32951274634378036,0.07980534981583805,0.060367491109002226,0.03796499767952992,0.11013832610855907,0.06829411919898963,0.042496996042850475,0.013292844920471752,0.0,0.014743400687631072,0.046358378128083806
CatBoost,385,origem,0.20495502669233098,0.3097814919230701,0.046765637203648756,0.12256153098259011,0.022339265953218012,0.05998231815289884,0.07884576004972321,0.032809527938633155,0.08030393917907311,0.00010077332338003466,0.012482298125690775,0.029072430475742924
CatBoost,385,continuacao,0.18000230918109447,0.3338921997106359,0.05798682261780568,0.0831278090709928,0.03106311175090562,0.0898707502208636,0.062174892625153036,0.04891095451145217,0.06309867418412884,7.918344095581219e-05,0.027130365352145733,0.02266292733386641
Floresta,385,origem,0.23024387849954314,0.28718980503820246,0.043886226602729284,0.1175233007431794,0.0447905564576422,0.06002903301838708,0.11475794657589523,0.020602325204794904,0.05558809049589735,0.0,0.009690549434606857,0.015698287929121934
XGBoost,515,origem,0.17987263202667236,0.3494107723236084,0.05309842526912689,0.03683105856180191,0.009729291312396526,0.1217225044965744,0.1103360652923584,0.02822462096810341,0.047018006443977356,0.0,0.022442683577537537,0.041313912719488144
XGBoost,515,continuacao,0.17265406250953674,0.3517855107784271,0.07297513633966446,0.03280298784375191,0.008746683597564697,0.11039198189973831,0.14214807748794556,0.025918586179614067,0.03514879569411278,0.0,0.019752539694309235,0.027675725519657135
LightGBM,515,origem,0.21331032012702034,0.2792155200092784,0.09962804696339735,0.051215439812613894,0.01674637478915522,0.10271070005547409,0.08152726911390346,0.027274082841272283,0.015874895204508157,0.0,0.047810198262178014,0.06468715282119873
LightGBM,515,continuacao,0.18392067102501553,0.28180271760625614,0.10779604373681742,0.053647686502722405,0.01754166845062267,0.10583286284222007,0.0991352263726217,0.027723399186168823,0.016628801867386696,0.0,0.05008072833869557,0.05589019407147298
CatBoost,515,origem,0.146822999985235,0.314084617512319,0.04342585762500405,0.09873748659840915,0.012792247985314918,0.0692214291542692,0.08510858162424169,0.036038079225679025,0.1183644133618796,0.025084740323260805,0.019204869021470602,0.031114677582917267
CatBoost,515,continuacao,0.16265386955517544,0.2942280319815213,0.07896936935676305,0.1113750520559655,0.015348167799925542,0.07537289701378433,0.10284426354818786,0.043702164539309814,0.046405993820853135,0.02357271906287997,0.017901068940808697,0.027626402324825466
Floresta,515,origem,0.2001902572957128,0.3151339135668902,0.04561718722632542,0.08936049346193459,0.032870912646823514,0.07102310026674793,0.12340776161775945,0.022234416469236313,0.07083796742563572,0.0,0.012759189118460766,0.01656480090447327
XGBoost,516,origem,0.16848698258399963,0.3491452634334564,0.0470145121216774,0.034192316234111786,0.011298563331365585,0.13051791489124298,0.10428877174854279,0.026592614129185677,0.0642971619963646,0.0,0.025515645742416382,0.0386502631008625
XGBoost,516,continuacao,0.19275100529193878,0.37393033504486084,0.06648948043584824,0.021733354777097702,0.008297259919345379,0.10693585872650146,0.06490882486104965,0.04740153253078461,0.06151989847421646,0.0006794661749154329,0.015370303764939308,0.039982717484235764
LightGBM,516,origem,0.2065851008676626,0.2940087021320149,0.09473080046450419,0.04878545460788836,0.017120788648264218,0.11129367960500848,0.0750354534051256,0.026841110022468685,0.018263964187038323,0.0,0.049104299841146545,0.05823064621887807
LightGBM,516,continuacao,0.1843983020489303,0.2979489692666233,0.08870656073997517,0.043335703642303616,0.016086019579910474,0.08371923974117688,0.0675148066170882,0.06486391236502993,0.04831523121129609,0.01981609004634393,0.03849381103874469,0.046801353702577354
CatBoost,516,origem,0.10741078105139645,0.3298177316859689,0.036193605658860435,0.08366981463106159,0.01126980543820891,0.0668111510762014,0.06407230574075515,0.0376226941808242,0.1519981830068145,0.06844439306501093,0.013466915826135739,0.029222618638761744
CatBoost,516,continuacao,0.21805322488371304,0.2678337295288646,0.07172860271809361,0.07889110712759519,0.03568084766859799,0.05969708619928446,0.04485865549995869,0.03728754124119582,0.05406083473712644,0.03175497155903656,0.022997181312926544,0.07715621752360709
Floresta,516,origem,0.2024084731661467,0.30396292042773015,0.03840999556293008,0.0829169692214575,0.028614717714839116,0.0875032837987525,0.10453380663688397,0.02410245806632032,0.0971627220339866,0.0,0.013215593770378321,0.01716905960057471
XGBoost,529,origem,0.20321926474571228,0.35238412022590637,0.048105575144290924,0.02779143489897251,0.012635668739676476,0.11182371526956558,0.10599620640277863,0.02582089975476265,0.05555233731865883,0.0,0.018834717571735382,0.037836093455553055
XGBoost,529,continuacao,0.1657017171382904,0.39024680852890015,0.06384405493736267,0.030559709295630455,0.017319608479738235,0.10593036562204361,0.10326798260211945,0.025691896677017212,0.027759335935115814,0.0,0.022107375785708427,0.04757120832800865
LightGBM,529,origem,0.25475742274528035,0.2966873366403356,0.09458423088869496,0.03760065613501715,0.014380049797938813,0.09425298979958549,0.07119599953300232,0.02489363254318328,0.018206070559641477,0.0,0.03523341982224645,0.05820819153507417
LightGBM,529,continuacao,0.22451004122408438,0.3065951034667369,0.08844477023377813,0.03576364659435897,0.015066022797331921,0.10350351666329316,0.07287599920766834,0.02666777855395828,0.031362122450693294,0.0,0.0359649121715447,0.059246086636551815
CatBoost,529,origem,0.11259056116288678,0.3493509941646644,0.04016188519269671,0.08394366784319272,0.010456437155399028,0.07515153844595947,0.07390245962410509,0.03434315828820682,0.1744125013530867,0.00035527015199427934,0.013867027159344928,0.031464499458463
CatBoost,529,continuacao,0.11290750995273827,0.35342870313991975,0.04060696105065507,0.08405623784424546,0.010484514451623366,0.0782310852010465,0.07404619494168031,0.03443537545684723,0.1661605297367896,0.0003562241122341741,0.013904262464594462,0.03138240164762577
Floresta,529,origem,0.25813668332463696,0.28909053422346265,0.03832262114389164,0.06867159815501178,0.024818361836397566,0.08712456642918946,0.0984941264221873,0.020848454466504483,0.08272518287919294,0.0,0.012356556872916315,0.019411314246608975
XGBoost,551,origem,0.1775553673505783,0.3615763187408447,0.04819118604063988,0.03417033329606056,0.01065672468394041,0.1228424608707428,0.10409665107727051,0.026455996558070183,0.05394349247217178,0.0,0.022645140066742897,0.03786639869213104
XGBoost,551,continuacao,0.1852070838212967,0.4360785186290741,0.0373782142996788,0.02357877977192402,0.01618817076086998,0.09229578822851181,0.11172159761190414,0.018559761345386505,0.026757942512631416,0.0,0.03104231134057045,0.021191926673054695
LightGBM,551,origem,0.2137789682862937,0.29978618656463113,0.0964886802503356,0.04870192528910712,0.01703219645981534,0.10638625526573219,0.07258657061819943,0.025797738528010577,0.017635912341755888,0.0,0.04441517718892628,0.05739038920719265
LightGBM,551,continuacao,0.1726580597267783,0.3355201195802999,0.08078324174974497,0.04576892138155323,0.021340534894449807,0.10339255062485231,0.08178156769138076,0.02594484863332989,0.05584002051563575,0.004364371677654593,0.03543617670073734,0.03716958682358297
CatBoost,551,origem,0.1299316980402533,0.35303408178912427,0.03984131940710107,0.09008738631279439,0.012407904186014337,0.06546848658797147,0.06854697652493612,0.036699543094536644,0.13546331168986478,0.023641496211731595,0.01451759800546981,0.030360198150202265
CatBoost,551,continuacao,0.18327296107582425,0.3947443651476744,0.04145604707080076,0.0899551004903339,0.012504703665396749,0.04649018389722458,0.08145313188069447,0.03739823397519546,0.04045084245740861,0.024401447897703932,0.015021922868481847,0.03285105957326086
Floresta,551,origem,0.2233340694280585,0.2991661626191839,0.04145785576270404,0.08583242122077055,0.03058185131520754,0.08021386693843423,0.09967795526476127,0.023088729364092692,0.08578443847426317,0.0,0.012860526939597688,0.018002122672926356
XGBoost,564,origem,0.19578731060028076,0.34099194407463074,0.04281449317932129,0.030744854360818863,0.012261117808520794,0.12061329931020737,0.11488581448793411,0.025676853954792023,0.06279504299163818,0.0,0.01562054269015789,0.03780873864889145
XGBoost,564,continuacao,0.11960915476083755,0.4892984926700592,0.05090022832155228,0.01721794158220291,0.013816538266837597,0.0922180786728859,0.06986487656831741,0.0673799067735672,0.03525962680578232,0.0,0.007388194557279348,0.03704693913459778
LightGBM,564,origem,0.25101563343934546,0.2892166927883258,0.0885553145659144,0.04244367299424833,0.014888451606473039,0.10120845612962161,0.08255511605426344,0.023894174778021488,0.017567212444740066,0.0,0.029178909235730865,0.059476365963315424
LightGBM,564,continuacao,0.18209873923570483,0.3673778212350444,0.06326746972975271,0.03702556246705767,0.018242584716246315,0.09348247522480391,0.07162543765325594,0.08243729860170439,0.014700507341487349,0.0,0.020885277236098128,0.048856826558844366
CatBoost,564,origem,0.11785619542212282,0.3176202426491305,0.029936949309646212,0.07924294323340914,0.010360594444565392,0.06416326629091208,0.07229853892538615,0.03258977697163989,0.1652780929315078,0.07237394821237139,0.010085457042855041,0.028193994566453412
CatBoost,564,continuacao,0.07836297229274125,0.402792378287166,0.059658462171465435,0.06214361213983417,0.03238044777644301,0.06280970371069394,0.05329430610151581,0.06645045050561153,0.07957326691767201,0.05502216353688119,0.009582786829864295,0.037929449730111316
Floresta,564,origem,0.24729368449115816,0.27292017985204353,0.0307247269675943,0.07354163493438602,0.027149971393866365,0.08630139815579513,0.110740106813319,0.024208695501132204,0.09649080896516697,0.0,0.011414182539666516,0.01921461038587183
XGBoost,566,origem,0.18897685408592224,0.33462896943092346,0.05080261453986168,0.037738136947155,0.011540432460606098,0.1318664401769638,0.10839369148015976,0.02662150375545025,0.04808618500828743,0.0,0.023310614749789238,0.03803451731801033
XGBoost,566,continuacao,0.17374873161315918,0.3011239171028137,0.07630912214517593,0.03239792212843895,0.017821529880166054,0.11184566468000412,0.1430063247680664,0.02664719894528389,0.032604049891233444,0.0,0.016941087320446968,0.06755440682172775
LightGBM,566,origem,0.22685911694911345,0.27117268399767275,0.09605372619922932,0.05216849530452385,0.016790974054932507,0.11250672224959651,0.08047003413968937,0.02614841462927748,0.015933943650154294,0.0,0.04403438665222185,0.05786150217358865
LightGBM,566,continuacao,0.17247868807761838,0.2435603513875502,0.09430510643802181,0.04867210408707624,0.015497634036140621,0.098527764025362,0.10170830910212908,0.03614053030888677,0.04012107683810493,0.0,0.040172779079208326,0.10881565661990164
CatBoost,566,origem,0.15241426848000564,0.3024836512143889,0.03983436304509024,0.0952390832481577,0.013807989571572001,0.07137377344550487,0.07923650409400526,0.03568553070752286,0.1267599057314484,0.037715900593955264,0.016060805014913235,0.029388224853435473
CatBoost,566,continuacao,0.15886638567352485,0.3067566664637,0.05174707994645908,0.09676004580939689,0.017681329210330953,0.07540272603652538,0.12436248018809684,0.025075998030532322,0.05630504446244518,0.036593982331108874,0.016239875099094626,0.03420838674878501
Floresta,566,origem,0.2399264383222182,0.28671979727614993,0.041472166470681714,0.08949405291590272,0.033299621921882745,0.07933682656143852,0.10445621212434947,0.02236923997948858,0.0730483625637047,0.0,0.012042018130305148,0.017835263733878455
XGBoost,732,origem,0.17117837071418762,0.3463018238544464,0.04332748055458069,0.04355563595890999,0.011482642963528633,0.1307191401720047,0.11096451431512833,0.026921197772026062,0.05367898941040039,0.0,0.023216035217046738,0.03865418955683708
XGBoost,732,continuacao,0.197278693318367,0.30077898502349854,0.05825449153780937,0.041104789823293686,0.010836523026227951,0.1377907544374466,0.10472062230110168,0.025406360626220703,0.050658512860536575,0.0,0.02190968580543995,0.0512605644762516
LightGBM,732,origem,0.2018071053920863,0.28353181416977347,0.07855739566610147,0.06129167511760784,0.01996824289927651,0.11546769512497267,0.0840950894274492,0.027788290143793536,0.015805646250861123,0.0,0.0469933231902583,0.06469372261781946
LightGBM,732,continuacao,0.19974218947113626,0.2128786473674571,0.08594448443625961,0.05234003497304601,0.04783259301930609,0.11989206505935232,0.09581440369495295,0.05127230292518278,0.010131838848766849,0.001852053338169473,0.04691902580920915,0.07538036105716144
CatBoost,732,origem,0.13087645045014612,0.3451759845694251,0.03060769921255361,0.10435646829915807,0.019078243931099123,0.06662242286527532,0.07748198039023986,0.03940359748284403,0.12681166644944156,0.014374090252163506,0.014307784745518254,0.030903611352135384
CatBoost,732,continuacao,0.13513188442260396,0.3057502398235622,0.06425376617733397,0.09996743361117133,0.01677106935283466,0.07863115130390949,0.09963990418943099,0.038339053532472016,0.06648299097759923,0.013842740825469498,0.013771200106729364,0.06741856567688335
Floresta,732,origem,0.20158651830273153,0.2897937343548621,0.034428585365279304,0.1035867102012685,0.040640811927872236,0.08247092343028302,0.10723746532435932,0.023682844143192983,0.0873969785447833,0.0,0.012932975045762666,0.016242453359604968
XGBoost,733,origem,0.17564015090465546,0.35709208250045776,0.045403122901916504,0.04210514575242996,0.008951259776949883,0.12179680168628693,0.1173311397433281,0.028121329843997955,0.042407382279634476,0.0,0.020800689235329628,0.04035085067152977
XGBoost,733,continuacao,0.22343868017196655,0.3102424144744873,0.048296403139829636,0.0346529595553875,0.00788942351937294,0.09776613861322403,0.1416497677564621,0.03405323252081871,0.03737683966755867,0.0,0.018333224579691887,0.04630083218216896
LightGBM,733,origem,0.20313443940842274,0.2945740546394032,0.085610752096837,0.05901102356199392,0.01817501550033449,0.10383420848850375,0.08811549329391542,0.026281353913499506,0.014008010959038034,0.0,0.04464079277615645,0.06261485536189544
LightGBM,733,continuacao,0.22321496767718957,0.27404834878181933,0.08325447298588978,0.05900843694450657,0.018820742701963232,0.10250761676974836,0.09915515577368955,0.02628020192857329,0.014007396948910391,0.0,0.0446388360459004,0.055063823441809635
CatBoost,733,origem,0.15966646080937583,0.36535996472882976,0.03193811361849066,0.10193184135578004,0.01712473679507189,0.05501235365578367,0.08556320993379801,0.033507313810557354,0.10242961961758405,0.00010557399973393495,0.015973600562179054,0.031387211112815755
CatBoost,733,continuacao,0.17673224233000484,0.3396671320383246,0.03198433157161587,0.10010798711977899,0.0161662462415713,0.05337627840240335,0.09688574675622962,0.037011277796954,0.10214339262115726,0.00010518053611996398,0.01590107052944264,0.02991911405639752
Floresta,733,origem,0.21419251951386356,0.2952094299217555,0.03451601152395813,0.10144834130253177,0.037667554812823516,0.06793816065245825,0.13048344476330118,0.02278232823877001,0.06707033838267973,0.0,0.011759037370166838,0.016932833517691547
XGBoost,774,origem,0.1759331077337265,0.3556409478187561,0.050951194018125534,0.038851547986269,0.011291938833892345,0.13507910072803497,0.10185924172401428,0.026375023648142815,0.045616377145051956,0.0,0.020579183474183083,0.03782234340906143
XGBoost,774,continuacao,0.22493964433670044,0.21760019659996033,0.14879702031612396,0.04241437092423439,0.049855537712574005,0.10078728199005127,0.03201325237751007,0.05893922969698906,0.012611785903573036,0.0,0.00646781362593174,0.10557380318641663
LightGBM,774,origem,0.2000436037314147,0.2916245117642743,0.10292392791330258,0.05637209410372799,0.018996990638573352,0.11843500891293256,0.07222876180913092,0.025789110718483204,0.015278615407518265,0.0,0.040967735322265865,0.05733963967837636
LightGBM,774,continuacao,0.2163492931990964,0.2218691993156272,0.14861809913726798,0.04738822908819356,0.06943480128673975,0.09946836845079422,0.04525504715899849,0.036925805284175627,0.01803386873638139,0.0,0.021790281820169483,0.074867006522556
CatBoost,774,origem,0.13992521156505888,0.35669741980940317,0.04410420388378663,0.10715132141874914,0.015962929040565964,0.06813391965177151,0.07102766391021473,0.03564830657693417,0.11642562556519433,0.00010662408509834504,0.014625301018065934,0.03019147347515737
CatBoost,774,continuacao,0.15798982526300145,0.2885937043549429,0.04402067065689152,0.1151246110316164,0.011158010146331,0.10475646887673562,0.06585153298571278,0.08338487210601392,0.07764160893080957,9.446671813025155e-05,0.012929619142242504,0.038454609787572196
Floresta,774,origem,0.20118687453172693,0.3204290716713283,0.0448870092941178,0.09432213294591944,0.03452333061119707,0.0802833484700813,0.10007937992248281,0.022151083850953823,0.07265137190363817,0.0,0.012647325438470924,0.016839071360083266
